Measure,Plus_Minus
applaud,1
light,0
handed,0
gradual,0
approach,0
nerfs,0
laudable,0
right,0
way,0
issue,0
really,0
whiffed,0
card,0
needs,0
nerf,0
never,0
passed,0
qa,0
new,0
emote,0
tierlist,0
hahaha,1
known,0
balance,0
patch,0
month,0
..,0
luckly,0
"""stuck""",0
deck,0
continue,0
playing,0
able,0
craft,0
time,0
yeah,0
already,0
huge,1
success,1
braum,0
dropped,0
vlad,0
felt,0
less,0
follower,0
...,0
play,1
burn,0
still,0
run,0
single,0
rearguard,0
lest,0
fast,0
intead,0
burst,0
unyielding,0
arguements,0
karma,0
deep,0
meditation,0
grizzled,0
ranger,0
badgerbear,0
nerfed,0
4,0
important,0
cards,0
gonna,0
make,0
demacia,0
/karma,0
combo,0
lot,0
safe,1
mid,0
game,0
become,0
better,1
virtue,1
almost,0
every,0
meta,0
becoming,0
worse,-1
‚Äôt,0
think,0
freljord,0
centric,0
decks,0
step,0
direction,0
damage,-1
shield,0
stop,0
monster,0
stepping,0
nexus,0
overwhelm,0
going,0
past,0
barrier,0
makes,0
total,0
sense,0
like,1
magic,0
maybe,0
second,0
spell,0
1,0
mana,0
tax,0
spitballing,0
ideas,0
comboing,0
20,0
feels,0
extreme,0
minimal,0
setup,0
shen,0
hp,0
mattered,0
built,0
around,0
+1,0
attack,-1
good,1
feel,0
oppressive,-1
especially,0
underplayed,0
champ,1
personally,0
see,0
used,0
specific,0
things,0
exclusively,0
buffs,0
status,0
something,0
bad,-1
unkillable,0
grasp,0
serve,0
general,0
menace,-1
hits,0
board,0
enough,0
say,0
fair,1
aggro,0
gone,0
weakened,-1
hardly,0
dominant,0
part,0
1hp,0
thats,0
nice,1
stuff,0
two,0
bother,-1
\-,0
stealing,-1
untouched,0
another,0
weeks,0
bilgewater,0
exciting,1
region,0
quite,0
sad,-1
steal,-1
-cards,0
autoinclude,0
non,0
-nautilus,0
bilge,0
-deck,0
limits,0
building,0
efficient,1
draw,0
niche,0
-mechanic,0
worth,0
synergy,0
"(tf,",0
slot,0
).,0
spider,0
(endure,0
control,0
guys,0
since,0
release,0
even,0
outside,0
getting,0
stomped,0
discard,0
(jinx,0
draven,0
hard,0
recently,0
toxic,0
hopefully,1
removed,0
'lost',0
2,0
threats,-1
(healthy),0
potentially,0
ezrael,0
one,0
sun,0
dial,0
protection,0
6,0
shurima,0
invulnerable,1
turn,0
take,0
buff,0
usually,0
top,0
means,0
bottom,0
countering,0
disagree,-1
‚Äôs,0
tons,0
ways,0
push,0
removing,0
health,0
units,0
overpowered,0
trash,0
count,0
recall,0
effect,0
slow,0
reduce,0
cost,0
target,0
followers,0
temporary,0
increase,1
thought,0
also,0
said,0
notes,0
confused,-1
haha,1
played,1
jinx,0
/draven,0
decent,0
blocker,0
dish,0
basically,0
different,0
anyway,0
-late,0
noxus,0
trust,1
big,0
trouble,-1
shadow,0
isles,0
kinkou,0
elusives,0
shitting,-1
lifesteal,0
lots,0
blockers,0
xd,1
okay,0
point,0
want,0
group,0
fiddlesticks,0
rising,0
tides,0
gave,0
much,0
....their,0
solution,1
-rising,0
tide,0
balanced,0
currently,0
answer,0
legion,0
matter,0
losing,-1
3,0
addition,0
demolitionist,0
fervor,0
ect,0
becomes,0
problem,-1
odds,0
spend,0
blocking,-1
get,0
putting,0
behind,0
concept,0
applies,0
boomcrew,0
taking,0
course,0
turns,0
half,0
attacks,-1
got,0
taken,0
manner,0
excited,1
gotcha,0
....i,0
ask,0
exactly,0
'synergize,0
kit,0
'?,0
synergies,0
lie,0
cheaply,0
replace,0
stall,0
ramped,0
hand,1
retreat,0
/return,0
heimer,0
works,0
well,0
plays,0
per,0
interesting,1
choice,0
generate,0
axes,0
static,0
shock,-1
rummage,0
wardens,0
prey,0
pilfered,0
goods,0
chempunk,0
pickpocket,0
chump,0
whump,0
concussive,0
palm,0
ionia,0
glimpse,0
beyond,0
navori,0
conspirator,0
sonic,0
wave,0
trail,0
evidence,0
veteran,0
investigator,0
flash,0
brilliance,1
progress,1
day,0
synergizes,0
corina,0
aims,0
late,0
-7,0
-8,0
threat,-1
probably,0
2nd,0
designers,0
mind,0
made,0
gives,0
stacks,0
incredibly,0
valuable,1
mention,0
runs,0
assortment,0
spells,0
easy,1
put,0
hyper,0
accelerating,0
lee,0
sin,-1
pairing,0
hoping,1
designed,0
work,0
sitting,0
50,0
heavy,0
pair,0
improving,1
champion,1
performance,0
exist,0
talking,0
hecarim,0
tangentially,0
supposed,0
tie,0
back,0
ability,1
versatile,0
buffing,0
bunch,0
using,0
long,0
ramp,0
trying,0
argue,-1
"""vi",0
level,0
".""",0
true,1
zed,0
based,0
neither,0
tf,0
least,0
reliably,0
hell,-1
line,0
popped,0
5,0
champions,1
without,0
rely,0
free,1
first,0
survive,0
weenies,0
saw,0
somewhat,0
higher,0
problematic,-1
side,0
floating,0
anything,0
come,0
mentioned,0
early,0
frejlord,0
drop,0
attacking,-1
ak,0
idiots,0
aimed,0
helping,0
later,0
dosnt,0
7,0
people,0
copies,0
piltover,0
zaun,0
steeply,0
significant,0
numerous,0
temp,0
loss,-1
bulge,0
water,0
seeing,0
happen,0
leave,0
prepare,0
answers,0
type,0
nothing,0
pissed,-1
reading,0
changes,0
spirit,0
left,0
simply,0
baffled,0
reason,0
"""watchlist""",0
whatever,0
totally,0
broken,-1
player,0
knows,0
dear,1
riot,-1
literally,0
pushing,0
fiora,0
kegs,0
little,0
friends,1
user,0
fun,1
&#x200b;,0
.s.:,0
ffs,-1
example,0
https,0
://www.youtube.com/watch?v=qjoxynowhzu&feature=youtu.be,0
watch,0
entire,0
video,0
min,0
wish,1
record,0
matches,0
others,0
fought,-1
ran,0
match,0
guy,0
either,0
round,0
....,0
ruination,-1
alot,0
die,-1
9,0
comes,0
risk,0
barely,0
playable,0
block,-1
kills,-1
(watch,0
end,0
*powerful,0
easily,1
except,0
pointing,0
"*isnt*,",0
doesnt,0
unique,0
feature,0
infiltrator,0
slams,0
combat,-1
*only*,0
advantage,0
opponent,0
/3,0
wanting,0
far,0
narrow,0
"""more",0
counterplay,0
weak,-1
defending,0
major,0
detail,0
clarified,0
says,0
‚Äúthis,0
",‚Äù",0
.‚Äù,0
wow,1
fits,0
thematically,0
ridiculously,-1
essentially,0
quadruple,0
mushrooms,0
enemy,-1
teemo,0
suit,0
gg,0
nailed,0
change,0
go,0
roll,0
pilfer,0
may,0
rob,-1
spin,0
call,0
give,0
tiltationnnnnn,0
love,1
yasuo,0
stun,0
games,0
lol,1
rep,0
lor,0
yh,0
man,0
hearthstone,0
spent,0
money,0
know,0
ripped,0
hours,0
entertainment,1
experience,0
though,0
plus,0
real,0
fizz,0
completely,0
cancel,0
statikk,0
cast,0
targets,0
parts,0
targeting,0
>:(,-1
tested,0
casting,0
times,0
cancelled,0
kinda,0
shitty,-1
lose,-1
stat,0
afterwards,0
actually,0
counter,0
hardd,0
(even,0
harder,0
dying,0
imo,0
slutbot,0
ever,0
hated,-1
troop,0
elnuks,0
rng,0
speed,0
interactable,0
keeping,0
besides,0
66,0
-card,0
deal,0
towards,0
start,0
includes,0
(no,0
randomness,0
none,0
bought,0
despite,0
90,0
/105,0
(including,0
wildcard,0
"),",0
43k,0
dust,0
coming,0
tonight,0
*extremely*,0
accessible,0
refund,0
system,0
sort,0
sting,0
ccgs,0
including,0
best,1
"""extra",0
shards,0
pick,0
extra,0
swim,0
rare,0
common,0
wildcards,0
freely,1
hurts,-1
bit,0
open,0
capsule,0
ton,0
fraction,0
normally,0
/5/6,0
moderately,0
kill,-1
option,0
crimson,0
trigger,0
actions,0
twice,0
honestly,1
regeneration,0
vs,0
double,0
triggers,0
making,0
bomb,-1
blows,0
horribly,-1
kept,0
restricted,-1
number,0
lasts,0
&z,0
flair,0
ü§î,0
difference,0
*even,0
huger,0
purposes,0
rookie,0
*technically*,0
repeatable,0
increased,0
grenadier,0
technically,0
repeat,0
however,0
killed,-1
strike,0
/2,0
(which,0
many,0
takes,0
trade,0
comparision,0
*way*,0
favour,1
0,0
minion,0
extremely,0
metagame,0
yes,1
youre,0
regularly,0
remove,0
bard,0
gets,0
guaranteed,0
didnt,0
warp,0
complete,0
utter,0
rubbish,0
wouldve,0
warped,0
pre,0
-patch.,0
"-patch,",0
existed,0
*corina,0
*response*,0
vice,0
versa,0
great,1
active,1
24,0
released,0
download,0
tomorrow,0
10am,0
pst,0
agree,1
calculable,0
rain,0
mostly,0
alright,0
dice,0
landing,0
^(1)/4,0
chance,0
failing,-1
*never*,0
summon,0
random,0
-cost,0
(and,0
amount,0
drops,0
fiend,0
generation,0
examples,0
fond,1
happy,1
generally,0
speaking,0
vanilla,0
minions,0
dont,0
print,0
removal,0
today,0
sure,1
everything,0
small,0
update,0
unlocking,0
please,1
try,0
climb,0
undying,0
decklist,0
manage,0
naut,0
deserve,0
win,1
(same,0
10,0
ez,1
/zed,0
dusk,0
dawn,0
strong,1
throw,0
death,-1
marks,0
greenglade,0
caretakers,0
war,-1
chefs,0
/9,0
demacian,0
(forget,0
name,0
twin,0
disciplines,0
riposte,0
lux,0
‚Äôve,0
add,0
horns,0
dragon,0
firepower,0
elusive,0
-in-first-round,0
(navori,0
bladescout,0
iirc,0
rush,0
(grant,0
ally,0
quick,0
keep,0
alive,1
stages,0
pretty,1
‚Äôll,0
shields,0
attacker,-1
mark,0
rid,0
champs,1
ease,1
forget,0
bring,0
purify,0
ledros,0
rimetusk,0
shamans,0
rip,0
hair,0
pm,0
code,0
‚Äôre,0
interested,1
:),1
-cycle-decks,0
cool,1
auto,0
downvoted,0
asking,0
rewards,1
downvoters,0
satisfied,1
bro,0
animations,0
idle,0
decide,0
limited,0
moves,0
life,0
fucking,0
last,0
30,0
minutes,0
hate,-1
brain,0
process,0
laying,0
omen,0
hawk,0
dumbass,-1
wait,0
seconds,0
frostbite,0
shit,-1
precious,1
pet,0
disciple,0
imperial,0
cruel,-1
world,0
three,0
robbed,0
main,0
(burn),0
prevalent,0
refunding,0
ingame,0
shop,0
page,0
nat,0
policy,0
awhile,0
regretted,-1
fit,1
anywhere,0
revert,0
originally,0
buffed,0
although,0
viable,0
tier,0
yet,0
realized,0
fine,0
original,1
design,0
sweet,1
spot,0
.5,0
üòÜ,0
offensive,-1
(the,0
+piltover,0
remember,0
names,0
rn,0
changing,0
edits,0
looks,0
looked,0
favorable,1
else,0
changed,0
[https://lor.mobalytics.gg/decks/br390rlbunq8v00140jg](https://lor.mobalytics.gg/decks/br390rlbunq8v00140jg),0
particularly,0
mogwai,0
build,0
list,0
seen,0
future,0
regarding,0
atrocity,0
soon,0
realize,0
facing,0
save,1
deny,-1
protect,1
refuge,0
needed,0
access,0
powerful,1
successful,1
expect,0
favored,1
counters,0
bothered,-1
willing,0
admit,0
drain,0
challenger,0
removals,0
bye,0
simple,0
fuel,0
adjust,0
slightly,0
-ups.,0
directly,0
(s),0
swing,0
favor,1
found,0
&r,0
(rookie,0
theoretically,0
offers,0
challenges,0
adjusting,0
**a,0
numbers,0
**,0
likely,0
playability,0
rather,0
addressing,0
core,0
issues,0
seems,0
considered,0
edit,0
aspect,0
busted,0
unplayable,0
poorly,0
begin,0
fall,0
short,0
current,0
super,1
2000,0
chmup,0
'oh,0
gained,1
'!,0
sadly,-1
weakest,-1
condition,0
tricky,0
meet,0
(particularly,0
compared,0
swain,0
ezral,0
sit,0
primary,0
body,0
joke,0
someone,0
evolution,0
elise,0
etc,0
crush,0
:-/,0
equaly,0
costed,0
next,0
>a,0
cecacaqdaqaqeaibaqaqcbakemwqkaidayjr4lzqaiaqcainaebacaqdaeaqgiabaiaqoaibaena,0
wednesday,0
live,0
(this,0
available,0
platforms,0
8,0
eu,0
client,0
yesterday,0
bonus,1
xp,1
added,0
regions,0
vault,0
anyone,0
experiencing,0
executive,0
producer,0
jeff,0
jew,0
director,0
andrew,0
yip,0
ready,1
share,0
details,0
legends,0
runeterra,0
‚Äîlook,0
pt,0
29,0
value,1
starting,0
knowing,0
useless,-1
problems,-1
defend,0
dead,-1
interaction,0
summons,0
/5s,0
visual,0
bug,0
draws,0
order,0
possible,0
combinations,0
limitless,0
sound,0
mine,0
settings,0
fix,0
windows,0
outputting,0
night,0
bannerman,0
midrange,0
understand,0
nerfing,0
archetype,0
strategies,0
*fizz,0
*i,0
*he,0
x,0
warning,-1
shot,0
cri,0
ebritiem,0
vegeta,0
"""final",0
explosion,0
tournament,0
power,0
arc,0
buu,0
explode,0
refunds,0
situations,0
purchased,0
converted,0
wild,0
beforehand,0
ie,0
switch,0
flipped,0
website,0
monday,0
~10,0
article,0
goes,0
(unchanged).,0
tuesday,0
~9:30-10:30,0
deploy,0
pc,0
app,0
stores,0
deployment,0
"-only,",0
visible,0
‚Äîthink,0
foundation,0
normal,0
(though,0
matchmaking,0
separated,0
version,0
functionally,0
previous,0
(in,0
cases,0
data,0
-only,0
enables,0
remind,0
given,0
context,0
metric,0
tell,0
story,0
denying,-1
anymore,0
denies,-1
increasing,0
density,0
drawing,0
lastly,0
consider,0
fact,0
paying,0
unless,0
black,0
market,0
merchants,0
unplundered,0
plundering,0
synergistic,0
beta,0
players,0
terms,0
/nerfs,0
severity,0
quantity,0
sleeping,0
detain,-1
genuinely,0
job,0
>3ad,0
unit,0
mystic,0
guardian,0
store,0
personal,0
mix,0
beginning,0
silver,0
attached,0
agreed,0
denied,-1
always,0
idea,0
theyre,0
buried,0
mobile,0
drafting,0
expedition,0
eventually,0
choices,0
instead,0
options,0
exit,0
show,0
pixel,0
btw,0
compensation,0
guessing,0
cant,0
seem,0
find,0
solve,0
mechanically,0
stats,0
hurt,-1
spooky,0
whenever,0
(can,0
.),0
ultimate,0
yugioh,0
meaning,0
cannot,0
response,0
pirate,0
*yarr,0
yoink,0
vengeance,0
pnz,0
genuine,0
question,0
3x,0
receiving,0
thanks,1
feedback,0
sorry,0
disappointment,-1
instance,0
watchlisted,0
actively,1
testing,0
adjustments,0
exploring,0
rework,0
impact,0
internally,0
confidence,1
explore,0
address,0
deteriorate,0
interactive,0
gameplay,0
(regardless,0
avoid,0
destroying,-1
updates,0
experienced,0
pain,-1
ccg,0
committed,0
avoiding,-1
result,0
hope,1
comment,0
helps,1
wdym,0
fuck,-1
dude,0
post,0
reply,0
content,0
replied,0
zero,0
comprehension,0
spewed,0
absolute,0
garbage,0
cried,-1
followed,0
topic,0
tangent,0
levels,0
/5,0
apply,0
permanent,0
bounced,0
field,0
leveling,0
reset,0
ü¶Äü¶Äü¶Äü¶Äü¶Äburn,0
ü¶Äü¶Äü¶Äü¶Äü¶Ä,0
award,1
biggest,0
overreaction,0
toooooo,0
......,0
speak,0
places,0
near,0
tossed,0
discarded,-1
revealed,0
revealing,0
stolen,-1
ridiculous,-1
brood,0
awakening,0
alone,0
lower,0
tiered,0
fan,1
collateral,0
attune,0
minus,0
harshest,-1
vision,0
opinion,0
highest,0
winrate,0
enjoy,1
thinking,0
exp,0
fastest,0
costing,0
definitely,1
typically,0
remaining,0
reduced,0
killing,-1
running,0
traded,0
smashes,0
‚Äôm,0
keyword,0
perhaps,0
sometimes,0
noxian,0
climbing,0
fairly,0
refused,0
desperate,-1
gold,0
primarily,0
monkey,0
/dawnspeaker,0
memes,0
goooooo,0
/1,0
fearsomes,0
produces,0
"/4,",0
giving,1
"(plus,",0
scout,0
force,0
went,0
"""auto-include",0
"""good"".",0
days,0
grind,0
f2p,0
friendly,1
touched,0
"'t,",0
represent,0
saving,0
-5,0
average,0
tend,0
wire,0
large,0
percentage,0
losses,-1
lethal,0
dmg,0
topdecking,0
direct,0
whole,0
load,0
theres,0
bears,0
outshine,0
streamers,0
/toss,0
consistent,0
screwed,-1
inconsistent,0
(if,0
tossers,0
sea,0
monsters,0
nautilus,0
/sea,0
impactful,0
existence,0
acknowledging,0
impacts,0
heavier,0
megamogwai,0
-quinn,0
-4,0
chumped,0
died,-1
frustrated,-1
close,0
worst,-1
lost,-1
serious,0
triple,0
relevant,0
tweaks,0
patterns,0
overall,0
.4.,0
promise,1
historically,0
adjusted,0
\~75+%,0
rivers,0
tears,0
shed,0
-brainer,0
doubt,-1
anybody,0
complain,-1
-nerfed,0
/4,0
mixed,0
feelings,0
badger,0
mean,0
seemed,0
"""selesnya""",0
counterpart,0
creature,0
similar,0
statline,0
bull,0
elnuk,0
compete,0
quinn,0
deserved,0
kind,1
"""balance",0
winner,1
vladmir,0
somehow,0
dodging,0
crazy,-1
wonder,0
/s,0
insights,0
reasonable,0
done,0
community,0
complaining,0
dev,0
possibly,0
checked,0
frequently,0
targeted,0
duel,0
links,0
timer,0
due,0
damn,-1
meh,0
properly,0
called,0
"""ledros",0
37,0
/stall,0
""".",0
execpt,0
pings,0
withering,0
wail,0
classic,0
unfair,-1
unlucky,0
honest,1
forgot,0
vastly,0
prefer,0
moment,0
introduce,0
reward,1
masters,0
competition,0
purely,0
skinner,0
box,0
entirely,0
case,0
adding,0
competitive,0
incentives,1
degenerate,0
missing,0
lead,0
overcentralisation,0
experimentation,0
decklists,0
ignore,-1
deckbuilding,0
place,0
creative,1
solutions,0
netdeck,0
maths,0
care,1
art,0
flavour,0
text,0
theme,0
creativity,1
screen,0
probabilities,0
clearly,1
support,1
peopl,0
systemic,0
gaming,0
enforces,0
negative,-1
gambling,0
habits,0
gamification,0
questionable,0
systems,0
aware,0
help,1
controlling,0
üòÇ,0
wouldnt,0
"""new""",0
thing,0
dominating,0
started,0
allready,0
famous,0
allowed,0
look,0
state,0
holy,0
...i,0
salty,0
message,0
devs,0
aint,0
/p&z/ionia...its,0
annoying,-1
eye,0
pepega,0
caugh,0
cold,0
aurora,0
porealis,0
expeditions,0
-nerf,0
massive,0
factor,0
week,0
accumulation,0
high,0
*every*,0
bright,1
investment,0
(level,0
*much*,0
certainly,1
advice,0
capsules,0
modest,0
wealth,1
/rare,0
form,0
backbone,0
acquired,0
"""splash-champions.""",0
broadly,0
inspiring,1
mentor,0
boons,0
splash,0
-champions,1
include,0
garen,0
lucian,0
(just,0
tryndamere,0
sejuani,0
twisted,0
fate,0
miss,0
fortune,0
darius,0
old,0
useful,1
finally,0
ahead,0
playstyle,0
*region*,0
handful,0
considering,0
tempo,0
tool,0
whereas,0
specialised,0
respectively,1
proactive,1
emphasises,0
emptying,0
"-finally,",0
collection,0
faster,0
epic,0
scoff,0
enchantment,0
aura,0
mtg,0
immediately,0
destroyed,-1
/struck/detained/sent,0
resulting,0
unbeatable,0
meld,0
imagine,0
allowing,0
isnt,0
untouchable,0
unreactable,0
special,1
effects,0
create,0
mf,0
scouts,0
beat,0
online,0
gameplan,0
stopped,0
(now,0
granted,0
riptide,0
plan,0
bigger,0
destroy,-1
challenging,0
/effect,0
rise,0
ups,0
couple,0
tokens,0
saved,1
vladimir,0
pop,0
protecting,0
(while,0
ceiling,0
floor,0
talks,0
stand,0
"""midrange",0
comments,0
correct,0
calling,0
overtuned,0
op,0
gimmick,0
closing,0
area,0
struggled,-1
saying,0
center,0
longer,0
detracts,0
/bannermen,0
oppress,0
/karma.,0
oppresses,0
poros,0
prooobably,0
insane,-1
spooders,0
tribute,0
spammed,0
mods,0
discussions,0
mega,0
thread,0
default,0
sorted,0
intended,0
respective,1
brackets,0
/ceiling.,0
included,0
archetypes,0
indicator,0
performs,0
performing,0
badly,-1
innately,0
necessary,0
needing,0
conditions,0
strange,0
underused,0
believe,0
"""deal",0
"""drain",0
meanwhile,0
absolutely,0
expansion,0
wrong,-1
ok,0
ye,0
bored,0
cuz,0
soo,0
surprising,0
sorta,0
excuse,0
'dust',0
forth,0
react,0
"""genuinely",0
downvotes,0
rude,-1
insulting,-1
unlike,0
friend,1
insult,-1
tactician,0
poet,0
"'know,",0
prevent,0
illuminated,0
shove,0
crows,0
wont,0
purchase,0
mistaken,-1
uncommon,0
personality,0
strategy,0
fleshed,0
utilize,0
ephemeral,0
weird,0
allows,0
wrt,0
(boomcrew,0
bw,0
/jinx,0
wasnt,0
tricks,0
finish,0
2mana,0
generates,0
weakens,-1
fucked,-1
unyeilding,0
pool,0
stay,0
away,0
guess,0
pride,1
cosmetics,0
rito,0
abundance,0
keeps,0
check,0
slowed,0
gigantic,0
whether,0
(it,0
necessarily,0
unhealthy,-1
mechanic,0
doable,0
qol,0
bugfixes,0
waiting,0
fixed,0
receive,0
simultaneously,0
multiple,0
sources,0
icon,0
incorrectly,0
mirror,0
glad,1
ones,0
along,0
hitting,0
expected,0
slower,0
/lux,0
style,0
clamoring,0
nicer,1
vocal,0
"(hecarim,",0
kindly,1
tavernkeeper,0
chevalier,0
slotbot,0
favorite,1
looking,0
hit,0
"""this",0
viability,0
focusing,0
ends,0
spectrum,0
explicit,0
"""we'll",0
regardless,0
philosophy,0
otk,0
binary,0
uninteractive,0
massively,0
ungrateful,-1
greedy,-1
toss,0
\^),0
disappointing,-1
forgotten,0
rampages,0
unchecked,0
spellslinger,0
-stand,0
watchlist,0
??,0
/x,0
thresh,0
spiders,0
t2,0
awful,-1
matchup,0
t1,0
"""grant",1
minimum,0
months,0
/lee,0
[[dragon's,0
rage,-1
phenomenal,0
demolishes,0
coupled,0
toughness,0
boosters,0
bronze,0
actual,0
construction,0
skills,0
took,0
points,0
powered,0
weaker,-1
singing,0
praise,1
regards,0
"""meh"".",0
suboptimal,0
stupid,-1
sees,0
/1.,0
fulfill,1
exact,0
function,0
shifts,0
lists,0
swapping,0
swarm,0
/wide,0
focused,1
metas,0
forcing,0
trades,0
layer,0
unnecessary,0
joking,0
‚Äúruined‚Äù,0
league,0
popular,1
moba,0
years,0
neutral,0
opponents,0
quoted,0
contradictory,-1
appear,0
reitterate,0
stance,0
clear,1
oblivion,0
offer,0
everyone,0
previously,0
abusing,-1
(3,0
expensive,0
enter,0
potential,0
alongside,0
received,0
sticky,0
cheap,0
evasive,0
sets,0
nicely,1
fucks,-1
releases,0
optimistic,1
final,0
blow,0
sideways,0
dealing,0
survives,0
*too*,0
requirement,0
fully,0
satisfies,1
's.,0
satisfying,1
effectively,1
-guaranteed,0
face,0
*might*,0
nerfable,0
"/2,",0
-go.,0
contribution,0
efficacy,0
aggressive,0
forces,0
-damage,-1
pressure,0
appropriate,0
statlines,0
provides,0
immediate,0
anti,-1
-tempo,0
(since,0
vrynna,0
"""problem""",0
combine,0
mighty,0
decimate,0
trick,0
concerned,0
\>,0
search,0
subreddits,0
[https://www.reddit.com/r/legendsofruneterra/search/?q=your%20question%20here&restrict\_sr=1](https://www.reddit.com/r/legendsofruneterra/search/?q=your%20question%20here&restrict_sr=1),0
(pnz),0
liked,1
sentiment,0
echo,0
chamber,0
devolve,0
inconsequential,0
uninspiring,0
tried,0
slap,0
animal,0
abuse,-1
ravens,0
costs,0
mate,0
full,0
note,0
expressed,0
vaguely,0
prioritize,0
powering,0
restrict,-1
lagging,0
intresting,0
interact,0
(he,0
tag,0
depending,0
leveled,0
often,0
rock,0
paper,0
scissors,0
perspective,0
boring,-1
brow,0
method,0
asymmetrical,0
mentality,0
aim,0
beating,-1
certain,0
objectives,0
zerg,0
rushing,0
sucks,-1
dick,-1
/late,0
dopamine,0
rainbow,0
coin,0
bundle,0
ios,0
devices,0
nope,0
maokai,0
warps,0
devaluing,0
wildly,0
underestimating,0
fourth,0
unlikely,0
decrease,0
strongest,1
claim,0
dies,0
responding,0
preventing,0
gaining,1
netting,0
buys,0
prompt,0
typical,0
reddit,0
:v,0
badgerbears,0
4hp,0
(nerfed,0
3hp,0
fighting,-1
"-lux,",0
radiant,1
guardians,0
replaced,0
mono,0
-demacia,0
reverted,0
learning,0
cheapest,0
learn,0
mechanics,0
oh,0
opinions,0
send,0
approve,0
stick,0
tough,0
scaling,0
package,0
suggestions,0
rounds,0
wants,0
trading,0
decision,0
invulnerability,0
expire,0
goals,0
dangerously,-1
ya,0
healthy,1
heca,0
sounds,0
meme,0
deciding,0
investigating,0
curves,0
whatnot,0
relevance,0
team,0
incompetent,-1
meantime,0
"""gutted""",0
spamming,-1
let,0
strive,0
stage,0
fear,-1
overloaded,0
operate,0
netdecking,0
internet,0
explodes,0
frelijord,0
shafted,0
smack,0
arachnoid,0
horror,-1
countered,0
tavern,0
keeper,0
leniency,0
disappear,0
declaring,0
**top,0
100,0
thoughts,0
:**,0
&nbsp;,0
posts,0
elite,0
/poro,0
tags,0
logical,0
cos,0
curator,0
t6,0
usable,0
t3,0
sej,0
loyal,1
replacable,0
creep,0
business,0
generous,1
powercreep,0
furious,-1
worthless,-1
:-),1
remembrance,0
!),0
greathorn,0
butchered,0
riddance,0
wanted,0
casino,0
gamble,0
cash,0
underrated,0
frej,0
healing,0
severely,-1
underrating,0
seriousness,0
ohoho,0
idol,0
longtooth,0
med,0
secret,0
hidden,0
mediocre,0
alternatives,0
**non,0
/spell,0
/a,0
combination,0
pure,0
negligence,0
screwing,0
standalone,0
screws,0
frejord,0
easiest,1
**tldr,0
predictions,0
/senna,0
heard,0
?!,0
(region,0
plunder,0
controversial,0
plain,0
slander,0
.s,0
break,0
efficiently,1
zzzz,0
upset,-1
weapons,-1
valid,0
argument,-1
thief,-1
bigging,0
awesome,1
"""?",0
statement,0
substance,0
altering,0
slightest,0
frustratingly,-1
difficult,-1
"*around,*",0
theft,0
effective,1
frankly,0
hands,0
-off,0
frustrating,-1
preemptive,0
biased,0
silliness,0
bang,0
set,0
heck,0
lacks,0
stronger,1
‚Äúanti-magic‚Äù.,0
concern,0
million,0
dominate,0
yep,0
demolished,0
importance,1
daily,0
megathread,0
questions,0
wins,1
happens,0
websites,0
shotted,0
smart,1
laurent,0
inferior,-1
jaull,0
hunters,0
decreased,0
lategame,0
yay,1
sona,0
ages,0
suppose,0
midgame,0
"""nuking",0
"""path",0
exile,0
(mtg,0
reference,0
pte,0
disappearing,0
present,0
suits,0
perfectly,1
lines,0
goal,0
scarred,0
heal,0
allies,0
‚Äôd,0
gp,0
reality,0
proven,0
ranked,0
surprised,0
significantly,0
understate,0
carried,0
endure,0
nekroz,0
consistency,0
(or,0
respond,0
[infographic,0
](https://i.imgur.com/xzegmxc.jpg),0
comparison,0
mandatory,0
inclusion,0
reliable,0
hates,-1
types,0
thank,1
god,0
"/1,",0
"""brave""",0
fearsome,-1
taps,0
(for,0
stack,0
reactionary,0
max,0
naming,0
/combo.,0
-paper-scissors,0
naturally,0
developer,0
math,0
natural,1
dingus,0
"""not",0
parity,0
otherwise,0
disadvantaged,-1
ftk,0
ngl,0
solid,0
bans,0
therefore,0
acquisition,0
model,0
unfun,0
related,0
perfect,1
opening,0
kalista,0
haunting,0
relic,0
unilateral,0
ladder,0
identical,0
balancing,0
physical,0
background,0
grateful,1
/faq,0
forward,0
regular,0
patches,0
/years.,0
quality,0
insight,0
plans,0
-deckbuilding,0
overhaul,0
(on,0
browsing,0
smarter,1
filtering,0
/view,0
sorting,0
-the,0
wider,0
tutoring,0
-again,0
(i,0
prescribed,0
possibilities,0
/real,0
attrition,0
limit,0
-building,0
-12,0
whoever,0
‚Äòneutral‚Äô,0
flexible,0
faction,0
newly,0
flag,0
somewhere,0
joining,0
pile,0
15,0
button,0
tracker,0
acts,0
/what‚Äôs,0
likeliness,0
informed,0
ranking,0
amazing,1
rant,-1
turned,0
loving,1
hopes,1
heart,0
"""deep",0
incredible,0
bringing,0
cebqcaqdaqcqcaygdyqc6magaecrmkbkgaytqaicaecqgfaa,0
decently,0
sustain,0
convoluted,0
suggestion,0
(9,0
delay,-1
till,0
impossible,0
sake,0
*round,0
!*,0
*groundbreaking*,0
invention,0
date,0
-ha!,0
upvote,0
created,0
saboteur,0
solitary,0
monk,0
:(,-1
"'tough',",0
grandpa,0
calls,0
"""lightning",0
bolt,0
substitute,0
runegard,0
constructed,0
happened,0
additional,0
results,0
net,0
-6,0
damages,-1
si,0
favoured,1
luck,1
underfoot,0
cithria,0
counts,0
jave,0
presentation,0
explanation,0
flat,0
copy,0
format,0
explained,0
remain,0
/3.,0
generating,0
(double,0
dreadway,0
deckhand,0
damaging,-1
compare,0
lvl,0
sharks,0
improvements,1
gotten,0
ago,0
heimerdinger,0
moved,0
struggle,-1
criticizes,-1
voted,0
worship,0
/braum,0
antisinergical,0
ass,-1
fail,-1
crimsons,0
scars,0
complex,0
view,0
disscuss,0
def,0
beatable,0
situation,0
"""either",0
insta,0
concede,0
read,0
"""in",0
camille,0
ult,0
stacking,0
negate,0
bannermen,0
held,0
seriously,0
/badgerbear,0
knock,0
horn,0
pull,0
moreover,0
competing,0
graveyard,0
public,0
zones,0
(unless,0
specified,0
graveyards,0
(at,0
yoinked,0
zone,0
(your,0
according,0
loses,-1
upon,0
summoned,0
/played,0
translation,0
passive,0
invisibility,0
move,0
bush,0
redesign,0
incorporates,0
opens,0
scouting,0
plant,0
puffcaps,0
(cause,0
easier,1
(so,0
.25,0
strikes,-1
stays,0
duo,0
protected,1
trough,0
healthier,0
confuses,-1
sabeteur,0
starlight,0
seer,0
puffbuff,0
indirectly,0
debatable,0
touching,0
figure,0
helped,0
decided,0
cautious,0
prepared,0
complaint,0
recieved,0
reached,0
master,0
/quinn,0
jump,0
conclusions,0
purpose,0
unwielding,0
waaay,0
-based,0
bear,0
tweaked,0
missed,0
800,0
200,0
cares,1
discussed,0
-2,0
ezreal,0
+karma,0
potencial,0
serius,0
lost1,0
rememberance,0
presence,0
laser,0
universally,0
became,0
(maybe,0
succesful,0
reguraly,0
[just,0
sayin,0
"](https://www.reddit.com/r/legendsofruneterra/comments/glhccd/an_idea_to_try_to_make_vlad_viable/?utm_source=share&utm_medium=ios_app&utm_name=iossmf),",0
huh,0
assume,0
dealt,0
vulnerable,0
hamper,0
"-plan,",0
careful,0
planning,0
bud,0
tbh,0
courage,1
beliefs,0
focus,0
resolve,1
fight,-1
lore,0
/thematic,0
standpoint,0
improve,1
>fixed,0
queue,0
selected,0
word,0
constantly,0
berg,0
competes,0
(still),0
minor,0
downside,0
several,0
downsides,0
favourably,0
legitimately,0
***all***,0
anticipate,0
[[legion,0
preferred,0
[[loyal,0
"/3,",0
gotta,0
[[shen]],0
[[kindly,0
]].,0
knew,0
gated,0
prevented,0
meant,0
waited,0
aswell,0
shallow,0
revolving,0
infinite,0
spotlight,0
:d,1
obviously,0
maintain,0
resisting,0
falls,0
defenitley,0
thermod,0
sarcastic,0
decreases,0
wr,0
margin,0
rank,0
develops,0
burns,0
identity,0
grant,1
"""attack:",0
+4/+4,0
inherently,0
dropping,0
idk,0
rubin,0
chime,0
loves,1
minority,0
scare,-1
silence,0
harassed,-1
happening,0
asked,0
defended,0
afraid,0
backlash,0
shine,0
scope,0
legacy,0
together,0
combos,0
alternate,0
charm,1
faith,1
-like,1
rally,0
opposing,0
embodies,0
cheaper,0
creatures,0
rest,0
swap,0
allow,0
dramatically,0
rewarding,1
person,0
straightforward,0
dislike,-1
position,0
human,0
nature,0
advance,0
quickly,0
convince,0
wizards,0
wonderfully,1
inconvenient,-1
usefulness,0
"""too",0
skipped,0
-3,0
handicapped,0
window,0
engine,0
(like,0
uses,0
detractors,0
strips,0
usability,0
demands,0
largely,0
filling,0
*some*,0
methods,0
unusable,0
*one*,0
convenient,0
demanding,0
comfort,1
debuff,0
advancing,0
wincon,0
dismantling,0
development,0
flip,0
head,0
catch,0
overrun,0
onto,0
terribly,-1
heavily,0
outnumbered,0
stunned,0
/recalled/challenged/debuffed,0
unusability,0
-sided,0
slaughter,0
matters,0
stale,0
construct,0
\*\*\*,0
(ps:,0
equivalent,0
platinum,0
angel,0
"""oh",0
crap,-1
objective,0
mini,0
-game,0
ensues,0
leaves,0
instantly,0
tl,0
;dr:,0
intact,0
**many,0
>but,0
strats,0
rigth,0
=p.,0
particular,0
hatred,-1
--the,0
staple,0
--at,0
talk,0
"""i'm",0
dudes,0
occasional,0
aoe,0
beaten,-1
path,0
twist,0
basic,0
tougher,0
(see:,0
breaks,0
loose,-1
"""little",0
forever,0
challengers,0
(eg,0
defensive,0
techniques,0
updating,0
internal,0
metrics,0
cover,0
begun,0
evaluate,0
successfully,1
test,0
within,0
adaptability,0
similarly,0
analyzing,0
occupied,0
inform,0
encourage,1
variety,0
information,0
pushed,0
api,0
kick,0
benefict,0
controlled,0
nuking,0
smaller,0
prioritized,0
"""still",0
unblockable,0
(without,0
keywords,0
token,0
-case,0
scenario,0
(mulligan,0
manacurve,0
shouldnt,0
decking,0
12,0
luckiest,1
encounter,0
bs,0
weakness,-1
surviveablitity,0
lack,-1
affect,0
mageseekers,0
steps,0
observe,0
horrible,-1
nerfhammer,0
gods,0
prayers,0
culprit,0
‚Äústole,0
‚Äù,0
stated,0
checks,0
solely,0
equally,0
silly,0
pardon,1
*fun?*,0
preposterous,0
script,0
element,0
robot,0
#1,0
driving,0
satisfaction,1
sight,0
pass,0
wordings,0
responsible,1
confusing,0
written,0
english,0
adapt,0
randomly,0
enemies,-1
shorter,0
among,0
wording,0
understood,0
succession,0
"""the""",0
advanced,0
nexuses,0
rightfully,0
pvertuned,0
"-burst,",0
ive,0
vsed,0
nab,0
key,0
nabs,0
resources,0
farm,0
stole,0
sack,0
potion,0
nowhere,0
zaunite,0
urchin,0
cycle,0
greedier,-1
mulligan,0
2manas,0
academy,0
prodigy,0
unreliable,0
arena,0
battlechaser,0
drummer,0
hopeful,1
conditional,0
:at,0
25,0
(round,0
ofcourse,0
drav,0
usage,0
(kill,0
immunity,0
source,0
accomplish,1
contrary,0
insults,-1
reported,0
adult,0
ezfreezy,0
shits,-1
tommorow,0
agressive,0
gangplank,0
dodged,0
seldomly,0
utterly,0
anyways,0
chess,0
shogi,0
variable,0
predetermined,0
prophet,0
android,0
clarify,0
[this,0
](https://www.reddit.com/r/legendsofruneterra/comments/gm8e07/made_it_to_masters_with_a_100_wr_vs_karmalux/?utm_medium=android_app&utm_source=share),0
iffy,0
/sustain,0
atleast,0
winning,1
fails,-1
notice,0
compensate,0
talked,0
newer,0
(recovering,0
hs,0
",)",0
burned,0
crafting,0
/katarina,0
wreck,-1
(is,0
?).,0
lowered,0
riders,0
/effect.,0
/2.,0
granting,1
fights,-1
moon,0
angle,0
lets,0
hilarious,1
shrooms,0
havent,0
hots,0
gutted,0
scene,0
overnight,0
disgusting,-1
blizzard,0
)?,0
error,-1
13,0
lucky,1
<40%,0
role,0
unrefined,0
poro,0
-1,0
whirling,0
phrase,0
'can't,0
..',0
tarkaz,0
flavors,0
utility,0
.e.,0
keleseth,0
era,0
laughed,1
(similar,0
redoubled,0
valor,0
castable,0
wrist,0
uninstalling,0
massacred,0
endless,0
matchups,0
remindme,0
"""delete",0
history,0
shift,0
"""what",0
literal,0
embodiment,0
'fuck,-1
narc,0
"""sounds",0
slowest,0
bottoming,0
shroom,0
planted,0
proc,0
.1,0
sync,0
arcade,0
boy,0
suffered,-1
3dmg,0
survived,1
1dmg,0
toke,0
bc,0
existing,0
worked,0
(such,0
(shouldn't,0
consistently,0
catches,0
**cebqeaqdamcaiaiecettinqhaebqedapdyssqlyaaeaqcba7**,0
hear,0
"""no.""",0
"'fix',",0
adjustment,0
envelope,0
flavorful,0
"""feels""",0
perception,0
silent,0
shadowseer,0
downloaded,0
modestly,0
installed,0
row,0
bullshit,-1
normie,0
starts,0
owning,0
quit,0
swearing,0
frustration,-1
fuckin,0
clue,0
spoiler,0
alert,0
>!make,0
cross,0
minds,0
?!<,0
swiftwing,0
lancer,0
prospect,0
whilst,0
thinknig,0
mvoement,0
global,0
items,0
unified,1
map,0
mode,0
summoner,0
rift,0
shut,0
",and",0
hon,0
zip,0
vindicated,1
sent,0
pms,0
"""but",0
[crab,0
dancing,0
](https://www.youtube.com/watch?v=ldu_txk06tm),0
retains,0
ah,0
chosen,0
-ish,0
slight,0
finisher,0
'good',0
:/,-1
">yeah,",0
wishful,0
season,0
/ezreal/corina,0
hundreds,0
/heal,0
lacking,0
madness,-1
lowkey,0
regen,0
welcome,1
cebqcaqdbaaqcajjaqaqgbiwdyyagaycamaqibydaebqmlzuaqaqccincyrqeaibaedqcaqbae,0
toyed,0
75,0
+%,0
rate,0
unranked,0
ember,0
maidens,0
lesson,0
learned,0
stocks,0
twitter,0
link,0
liking,1
pov,0
flips,0
via,0
>((cebqcaqdaqcqcaygdyqc6magaecrmkbkgaytqaicaecqgfaa)),0
-effective,1
-range/control,0
suck,-1
foresight,0
crying,-1
blocked,0
secures,1
transfuse,0
warranted,0
yield,0
lul,0
smorc,0
whining,0
glance,0
standard,0
"""allowed",0
plenty,0
opportunities,1
counterplays,0
wimpy,0
beefcake,0
refrain,0
apparently,0
*stand,0
"""let",0
profitably,1
"!""",0
logic,0
initially,0
meaningful,1
adds,0
critical,-1
mass,0
*reddit,0
22,0
minute,0
fetch,0
manually,0
reminder,0
reminddit,0
.*,0
**n30hrtgdv**,0
kminder,0
**4,0
[**2020-06-22,0
17,0
:17:59z**](https://www.reminddit.com/time?dt=2020-06-22,0
:17:59z&reminder_id=ce9ea911685042babf9f17b5065a6d8d&subreddit=legendsofruneterra),0
[**r/legendsofruneterra:,0
patch_12_discussion_megathread,0
**](/r/legendsofruneterra/comments/gqdwy2/patch_12_discussion_megathread/frs9ybd/?context=3),0
[**click,0
**](https://reddit.com/message/compose/?to=remindditbot&subject=reminder%20from%20link&message=your_message%0akminder%202020-06-22t17%3a17%3a59%0a%0a%0a%0a---server%20settings%20below.%20do%20not%20change---%0a%0apermalink%21%20%2fr%2flegendsofruneterra%2fcomments%2fgqdwy2%2fpatch_12_discussion_megathread%2ffrs9ybd%2f),0
reminded,0
^(op,0
)[^(**update,0
**)](https://www.reminddit.com/time?dt=2020-06-22,0
*****,0
[**reminddit**](https://www.reminddit.com),0
¬∑,0
[create,0
](https://reddit.com/message/compose/?to=remindditbot&subject=reminder&message=your_message%0a%0akminder%20time_or_time_from_now),0
[your,0
reminders,0
](https://reddit.com/message/compose/?to=remindditbot&subject=list%20of%20reminders&message=listreminders%21),0
[questions](https://reddit.com/message/compose/?to=remindditbot&subject=feedback%21%20reminder%20from%20n30hrtgdv),0
obnoxious,-1
27,0
responses,0
abusers,-1
.....sad,0
fixing,0
vacuum,0
strength,1
uber,0
bin,0
middle,0
/6/c6,0
/6/6,0
ultra,0
workhorses,0
apart,0
hot,0
whoops,0
(spider,0
isle,0
battered,0
bat,0
typo,0
sub,0
infested,0
"""aggro",0
mob,0
devolves,0
eat,0
ship,0
centered,0
bait,0
vile,-1
feast,0
outright,0
fleeting,0
-fleeting,0
resolves,0
/fast,0
priority,0
shes,0
insanely,0
reworked,0
ashamed,-1
*haha,0
brr,0
19,0
thursday,0
:30-1:30am-ish,0
sg,0
/hk,0
promising,1
retaining,0
obliterate,-1
breaking,0
appeal,0
understanding,0
base,0
"(yes,",0
draining,0
progression,0
tied,0
quests,0
diamond,1
chest,0
everyday,0
quest,0
(1,0
pack,0
legendaries,0
creating,0
disenchant,0
home,0
came,0
told,0
hole,0
dirt,-1
dig,0
crawl,0
expansions,0
goddamn,-1
fck,0
unchanged,0
immortal,0
"""fine""?",0
affects,0
versus,0
chances,0
!!!,0
hec,0
28,0
ephemerals,0
curve,0
enormous,0
heim,0
nasty,-1
managing,0
-ful,0
iterations,0
/nox,0
greater,1
reach,0
arrive,0
annihilated,0
(spooky,0
corvina,0
-oriented,0
builds,0
handle,0
/4s,0
surface,0
christmas,0
bonkers,0
users,0
practically,0
(possibly,0
piece,0
"?),",0
maaaaaaaaybe,0
"/ephemerals,",0
listed,0
indeed,0
hoped,1
shake,0
"""like""",0
writing,0
language,0
title,0
"""the",0
swift,0
"*scout*""",0
voice,0
(also,0
implement,0
't.,0
shadows,0
distracts,-1
attention,0
completly,0
luckily,1
rimefang,0
wolf,0
freeze,0
culling,0
paired,0
thermo,0
beam,0
dictate,0
exchange,0
+3,0
characters,0
"""when",0
touch,0
nervous,0
gay,0
panic,-1
fitting,0
discarding,0
dream,0
providing,0
garens,0
raw,0
throwing,0
stuns,0
fundamentally,0
jive,0
require,0
announced,0
(with,0
currency,0
select,0
briliant,0
grinding,0
expense,0
buy,0
vanity,0
11,0
-nuke,0
.e,0
barriers,0
tries,0
tier2,0
.g.,0
containing,0
seju,0
%.,0
facts,0
playrate,0
amongst,0
variations,0
rates,0
>50%,0
-xpac,0
caused,0
sensitive,0
uninstall,0
immobile,0
third,0
‚Äôs.,0
playtime,0
riskier,-1
contributes,0
speeding,0
term,0
exists,0
destroys,-1
rotate,0
leads,0
hearing,0
shiny,0
toys,0
sale,0
year,0
>brood,0
bastards,-1
beasts,0
--burn,0
harm,-1
strictly,0
switches,0
funny,1
pro,0
influence,0
powercreeped,0
/ez,0
demo,0
contribute,0
-for-1,0
compounded,0
lmao,1
miles,0
straight,0
words,0
**fun.**,0
attempt,0
twisting,0
acknowledge,0
acting,0
offended,0
hyperbole,0
payoff,0
tribal,0
prompting,0
discussion,0
"""spend",0
...without,0
fewer,0
tops,1
caliber,0
rear,0
guard,0
boom,0
crew,0
noticed,0
attacked,-1
mulliganed,0
brothers,0
paint,0
curious,1
~~was~~,0
-4.,0
undisputed,0
drastically,0
misprint,0
litterally,0
choose,0
tune,0
weaken,-1
parley,0
gaurdian,0
???,0
üòÆü§î,0
locked,0
widely,0
unbreakable,0
sideboarding,0
chef,0
disappointed,-1
aside,0
factions,0
diversify,0
engines,0
suprised,0
prankter,0
/4.,0
(ephemeral,0
-harm),0
"""nerf""",0
...and,0
lame,-1
unyilding,0
...fuck,0
wondering,0
matched,0
chose,0
:p,1
expecting,0
touche,0
distributed,0
reveal,0
*smiles,0
bank,0
rallied,0
-lose,-1
manages,0
shadowverse,0
nearly,0
justify,0
kicking,0
\-wii,0
trainer,0
breathe,0
slowly,0
raise,0
dongers,0
irrelevant,0
opposite,0
positive,1
peoples,0
üò≠,0
irony,0
10mana,0
failure,-1
flexibility,1
fodder,0
sacrifice,0
(grasp,0
casualty,-1
:(.,0
eh,0
requires,0
pz,0
pulling,0
boardwipe,0
creates,0
manny,0
prediction,0
collecting,0
phase,0
¬¥t,0
reguard,0
feeling,0
develop,0
persistently,0
blocks,0
overwhelming,0
[radiant,0
](https://leagueoflegends.fandom.com/wiki/radiant_guardian_%28legends_of_runeterra%29?file=01de015.png)provide,0
action,0
/barrier,0
oof,0
yea,0
knell,0
shame,-1
quicker,0
modify,0
revisiting,0
tfw,0
[[boomcrew,0
[[ruthless,0
raider,0
concedes,0
joy,1
described,0
?????????????!!!!!!!!!!!!!!!!!!!!!!!,0
imho,0
na,0
/burn,0
"/bought,",0
battle,-1
refundable,0
cry,-1
importantly,1
1vs,0
claws,0
brings,0
upside,0
"""released""",0
communication,0
:00,0
est,0
sooner,0
mins,0
grants,0
stayed,0
spawned,0
curiosity,0
assuming,0
comps,0
suffer,-1
instances,0
revives,1
heals,0
-surrender,0
(especially,0
!!!!!!,0
!!!!!,0
caps,0
finding,0
--,0
opportunity,1
dependent,0
merchant,0
overdrive,0
ionian,0
resource,0
"""doing",0
"""...",0
"""lot""",0
"""value""",0
"""permanent""",0
earlier,0
upgrade,0
spark,0
---,0
compromise,0
certaintly,0
blade,0
(+3,0
(from,0
"(grasp,",0
tosses,0
(you,0
distinct,0
ultimately,0
albeit,0
pops,0
inconsistency,0
spawns,0
premises,0
rarity,0
specifically,0
lag,-1
laggy,0
maintenance,0
runnin,0
asus,0
noticing,0
‚Ä™love,0
ruin,-1
pilferer,0
lingo,0
‚Äôrep,0
‚Ä¨,0
pigeon,0
hive,0
movement,0
subreddit,0
rejected,-1
abyss,0
worry,-1
gun,-1
guide,0
tutorial,0
videos,0
'game',0
mechanical,0
operation,0
task,0
completed,0
clicking,0
buttons,0
'correct',0
equipment,0
(deck),0
living,0
culture,0
turning,0
deeply,0
troubling,-1
introduced,0
lives,0
stimulus,0
fantastic,1
feeding,0
worried,0
relies,0
tiny,0
bird,0
familiar,0
sweating,0
resembles,0
airplane,0
!.,0
mobalytics,0
/d,0
/b.,0
murder,-1
listen,0
contradicts,-1
interactivity,0
determined,1
renders,0
unimportant,-1
dusting,0
leaned,0
hof,0
offering,0
specialists,0
lane,0
towers,0
ammo,0
suggest,0
breath,0
revive,1
/follower,0
shadowhshift,0
matching,0
grizzle,0
emerald,0
/stand,0
alternative,0
forced,-1
extremly,0
/freljord/shadow,0
fixes,0
"""tuning""",0
moving,0
upping,0
causing,0
wide,0
spread,0
"""change",0
/benefit,0
40,0
(specially,0
"""around",0
"""diminish""",0
effectiveness,0
"""used""",0
"""lasts""",0
"""super",1
drawbacks,0
"""fast"",",0
conflictive,-1
influencing,0
iron,0
launch,0
genre,0
hero,1
villain,-1
unstoppable,0
-brain,0
neverglade,0
collector,0
kamikaze,0
damaged,-1
correcting,0
-attack,-1
-drops,0
(that's,0
"""good""",0
practice,0
conjunction,0
convinced,1
-health,0
aristocrat,0
dip,0
'knife-edge',0
overlooked,0
steals,-1
deliberately,0
puts,0
possibility,0
linked,0
(imo).,0
(brightsteel,0
protector,0
prismatic,0
~~soul,0
reforged,0
~~[[spirit's,0
jk,0
useing,0
understands,0
elegant,1
range,0
invisible,0
skill,0
answered,0
(killing,0
(you‚Äôre,0
maxes,0
awakener,0
proccing,0
procs,0
arrives,0
returning,0
tools,0
table,0
**versus,0
.i,0
shoring,0
weaknesses,-1
struggles,-1
considerably,0
drastic,0
unable,0
...never,0
enjoyed,1
qualified,0
...she,0
backed,0
unexpected,0
bumps,0
tuned,0
7th,0
companion,0
scary,-1
...that's,0
sign,0
wonderful,1
luarent,0
compelling,0
ensures,0
...but,0
remotely,0
mediation,0
...that,0
reargard,0
boo,0
casual,0
concepts,0
/kalista/thresh,0
prankster,0
appreciate,1
weakening,-1
enable,0
/fun,0
's....i,0
chum,0
waters,0
shelf,0
...i'm,0
....but,0
conceptual,0
*and*,0
boost,1
appears,0
rotation,0
highlight,1
freijoid,0
-condition,0
dedicated,1
letting,0
generalists,0
tales,0
kid,0
nobody,0
-boom-,0
fk,0
wishing,0
accept,1
dunno,0
absurd,0
collectible,0
portion,0
-harm,-1
dodge,0
defense,0
-existent,0
-body.,0
spear,0
emotes,0
additions,0
"""clutch!!!""",0
"""take",0
poozer,0
"!!""",0
"""sweating",0
buckets,0
"""ah",0
"""look",0
bming,0
fool,-1
"""yohohohohohoho""",0
"""please",1
erases,0
"""let's",0
shuffled,0
"""hooray!",0
strat,0
"""get",0
"\*confetti\*""",0
supplementary,0
sparingly,0
/10,0
sick,-1
compliment,1
....pfff,0
weeb,0
superiority,1
roping,0
jackass,-1
ezereal,0
mainly,0
stroke,0
ego,0
bluff,0
-6/10,0
blander,0
soooooo,0
....ehh.,0
"""cheers""",0
coz,0
*cries,0
heroes,1
storm,0
cursed,0
/ranger,0
swell,0
fiesta,1
edited,0
hence,0
mere,0
owl,0
lady,0
fill,0
pale,0
"(grenadier,",0
girl,0
‚Äúaggro,0
removes,0
simp,0
pseudo,0
entreat,0
effectually,0
7mana,0
.4(or,0
.5),0
stalling,0
cap,0
signature,0
threatening,-1
‚Äúcontrol‚Äù,0
cebacaqdaqaqcaihaqaqeaygambacaicbacacayeaypc6bqbaebrkfrdfuxagaicaedaeaideayagaibbegso,0
-60%,0
homebrew,0
proud,1
"-x/-x,",0
hextech,0
transfer,0
frost,0
championless,0
psychologically,0
‚Äúbarrier,0
cebaeaidaypamaicbijsajjxhebagaicfavdcbibamcbmhjlgaaa,0
pillfered,0
wasted,-1
arachnid,0
frenzied,0
skitterer,0
freljiord,0
working,0
con,0
falling,0
asleep,0
ropes,0
expands,0
pumping,0
"(garen,",0
hearthguard,0
evenly,0
opened,0
"""make",0
/ally,0
plat,0
reducing,0
leaving,0
understandable,0
race,0
space,0
-interactive,0
axe,0
comparable,0
prop,0
-handed.,0
cancerous,0
freliord,0
imaginatively,0
ought,0
coding,0
syntax,0
ellusive,0
fly,0
obvious,0
actuality,0
productive,0
mistake,-1
blame,-1
obtained,0
track,0
!!,0
terrible,-1
finds,0
remains,0
tinted,0
grey,0
(looks,0
lighter,0
animation,0
's...what,0
-in,0
...*do*.,0
-deciding,0
creeping,0
awards,1
green,0
/blue,0
awkward,0
disadvantage,-1
definetely,0
weakend,0
vanish,0
greed,-1
.0,0
"""fast""",0
laughing,1
angry,-1
/upset?,0
comparing,0
bulk,0
resilient,0
rallies,0
consecutively,0
bulky,0
leverage,0
bramble,0
vest,0
provide,0
immense,0
activate,0
katarina,0
relentless,0
pursuit,0
tianna,0
crownguard,0
shunpo,0
piloting,0
suspect,0
-more,0
(assuming,0
floated,0
(attacks,0
appropriately,0
fiona,0
bubble,0
decktypes,0
disproportionately,0
winrates,0
aka,0
thus,0
(10%,0
.8%).,0
native,0
loging,0
langauge,0
username,0
password,0
snowball,0
rioter,0
shadowshift,0
counting,0
bugfix,0
section,0
(before,0
.1),0
.2.,0
variants,0
-game.,0
castration,0
preview,0
music,0
wanna,0
chiptune,0
.2,0
firstly,0
interactions,0
involved,0
"""prevented"".",0
,0
"""damage",-1
spiderling,0
meets,0
/exceeds,0
threshhold,0
calculate,0
"""being",0
act,0
covered,0
excess,0
supposedly,0
"""prevented"",",0
scar,0
clan,0
infinitely,0
predicted,0
>i,0
resolving,1
disrupt,0
>and,0
disagreement,-1
disruptions,-1
closer,0
65,0
70,0
return,0
stirred,0
spirits,0
jeweled,0
elder,0
sown,0
seeds,0
oblivious,0
islander,0
entertaining,1
shortening,0
timers,0
prone,0
intentional,0
whack,0
crappiest,0
(except,0
uninteractable,0
annoyed,-1
misses,0
'goodstuff',0
universal,0
fills,0
skimmed,0
radar,0
spectral,0
/2s,0
opposed,0
/2s.,0
bar,0
"""fixed",0
reverting,0
perform,0
passing,0
judgement,0
(similiar,0
-include,0
unplayed,0
otks,0
yu,0
-gi-oh,0
"""oops!",0
request,0
"...""",0
(demacia),0
/control,0
/midrange,0
(depends,0
+3/+3,0
unimpactful,0
climbed,0
definite,0
-skilled,0
frequent,0
occurrence,0
optimal,1
/vlad,0
atk,0
lean,0
ue,0
servers,0
suffering,-1
formed,0
scissor,0
slaughtered,0
cntrl,0
guardiancentric,0
karmalux,0
(juicy),0
pace,0
following,0
playset,0
escape,0
sentence,0
malzher,0
mains,0
swings,0
"-drop,",0
-drop.,0
-drop,0
statistics,0
pilfers,0
nuts,-1
slotted,0
beast,0
(iirc),0
kai,0
"'sa?),",0
canon,0
hoo,0
boi,0
morning,0
queued,0
pvp,0
2as,0
drew,0
pieces,0
accordingly,0
waste,-1
sacking,0
nightmare,0
‚Äúfine‚Äù,0
‚Äúeasy‚Äù,0
decisioning,0
inflexible,0
costly,0
chunk,0
twilight,0
spinoffs,0
‚Äúbalanced‚Äù,0
uptrading,0
replacement,0
selecting,0
fps,0
nexsus,0
confirm,0
definition,0
majority,0
"""burn",0
tipping,0
enabler,0
(people,0
refined,0
ranks,0
substitutions,0
smash,0
rhasa,0
soloing,0
tripping,0
normals,0
...boi,0
(eu,0
server,0
?),0
(his,0
partners,0
strongly,0
smacked,0
(that,0
-reduced.,0
-draw,0
increases,0
highrolls,0
lowrolls,0
outcomes,0
aiming,0
advertised,0
(win,0
interest,1
"-based,",0
overperforming,0
capability,0
brother,0
crafted,0
flavor,0
-dead,-1
-stick,0
room,0
expressive,0
timing,0
bummed,0
*because*,0
prov,0
/11,0
21,0
transfusion,0
+3/3‚Äôs,0
+1/1,0
across,0
expansive,0
"""op""",0
"""enough""",0
truly,1
differential,0
individual,0
"""best""",0
achieve,0
outcome,0
tradeoff,0
-repeat,0
"-dimensional,",0
pirates,0
",,",0
-awful,-1
/hecarim,0
agro,0
odd,-1
prior,0
delayed,0
spots,0
meds,0
wombo,0
beefy,0
guarantees,0
ignorable,0
"""incredible""",0
oppressing,0
crazier,0
overstated,0
unfuning,0
flawed,0
.if,0
shifting,0
fresh,1
'dr,0
/ezreal.,0
statik,0
shots,0
saplings,0
challenge,0
mile,0
-statted,0
unanimously,0
sucked,-1
overstatted,0
gargantuan,0
messing,0
sum,0
exception,0
(not,0
polarizing,0
blowout,0
(+shield),0
3rd,0
"""life",0
generated,0
battering,0
ram,0
indicating,0
carry,0
programming,0
collections,0
/monkey.,0
nox,0
shall,0
illuminate,0
-win.,0
wastes,0
promised,1
bodies,0
delays,0
replaying,0
label,0
"""rework""",0
mecanic,0
discutable,0
favorably,1
excellent,1
improvement,1
(as,0
thin,0
hour,0
tended,0
announcement,0
honor,1
/kheycee17,0
mist,0
~~even,0
~~,0
*~~against~~*,0
~~it.~~,0
(corina-control,0
specially,0
brainstorming,0
"""hurt",-1
worthwhile,1
keywordless,0
structure,0
pros,0
(si),0
"""easy",1
"""easy""",0
"""survive",0
shatter,0
"""can""",0
"""ifs""",0
/purify,0
"""counter",0
drawback,0
backup,0
safely,1
chain,0
warmother,0
/aggro,0
bragging,0
rights,0
overbearing,0
crossed,0
flavours,0
yetis,0
cheeks,0
unflipped,0
challenged,0
mever,0
thicc,0
clears,0
stuncall,0
poor,-1
lil,0
lunch,0
handedly,0
edge,0
cautiously,0
resort,0
posted,0
kudos,1
figuring,0
/high,0
+swain,0
evil,-1
refill,0
punishing,-1
reduction,0
fish,0
proved,0
killable,0
14,0
",000",0
dissapointed,0
/hapless,0
/spiderling/mageseeker,0
nowadays,0
26,0
(yesterday),0
hypothetical,0
horse,0
reconsider,0
distributing,0
car,0
drives,0
uncomfortable,-1
desperately,-1
-or-miss.,0
referring,0
>not,0
component,0
previews,0
healths,0
gut,0
rarely,0
(situation,0
provided,0
ramping,0
upvotes,0
interrupted,0
teammate,0
revolves,0
slam,-1
slammed,0
shows,0
alittle,0
underpowered,0
goodstuff,0
category,0
/6,0
->,0
/7.,0
dreamed,0
legend,0
flooding,0
innocent,1
sufficed,0
misunderstand,-1
;),0
sentry,0
minotaur,0
reckoner,0
hover,0
everywhere,0
completes,0
corrected,0
2h,0
incentive,1
"""actually""",0
archtype,0
"/vi,",0
/karama,0
spite,-1
ticket,0
worshiping,0
posters,0
downvoting,0
riots,-1
correlation,0
agenda,0
hating,-1
entity,0
reccomend,0
lighten,0
uncounterable,0
virtual,0
‚Äúi,0
competely,0
insulted,-1
machanic,0
(2,0
-patch,0
brute,0
"""as",0
!?,0
vlads,0
"""long",0
insert,0
mistakes,-1
fatal,-1
saturated,0
ohhh,0
worded,0
objectively,0
contender,0
ty,1
amirite,0
"""fair""",0
encountered,0
bypassed,0
"(pnz,",0
elsuives,0
-0,0
shape,0
despise,-1
ethos,0
addressed,0
timid,0
nonchalant,0
oyu,0
proper,0
relying,0
casually,0
elises,0
sounded,0
ended,0
oracle,0
feelsbad,0
improved,1
ashe,0
arrow,0
sensible,0
reign,0
outliers,0
bloody,-1
amateurs,0
[memes](https://quotesbae.com/wp-content/uploads/2018/01/sweating-man-meme-funny-image-photo-joke-03.jpg),0
vast,0
(god,0
plethora,0
scarce,0
abuser,-1
irelias,0
blades,0
obtain,0
attainable,0
80,0
patched,0
(im,0
timezone,0
drawn,0
fringe,0
16,0
**[dragon's,0
](https://d2h9y75tak3pkg.cloudfront.net/02io007.png)**,0
(7),0
kicks,0
striking,0
"^^^hint:&nbsp;[[card]],&nbsp;{{keyword}},&nbsp;and&nbsp;&#40;&#40;deckcode&#41;&#41;&nbsp;or&nbsp;&#40;&#40;cardx,cardy,cardz&#41;&#41;.&nbsp;pm&nbsp;the&nbsp;[developer](https://old.reddit.com/message/compose/?to=krimcard)&nbsp;for&nbsp;feedback/issues!",0
reliant,0
burning,0
betting,0
hv,0
/will,0
summoning,0
chill,0
demand,0
account,0
"""fairness",0
fallen,-1
decisions,0
amazingly,0
exclude,0
bypasses,0
oart,0
thematic,0
abilities,0
~~he,0
scurvy,0
.~~,0
((cecacaqdaqaqeaibaqaqcbakemwqkaidayjr4lzqaiaqcainaebacaqdaeaqgiabaiaqoaibaena)),0
pdt,0
badgers,0
noon,0
customers,0
/player,0
lesser,0
unfortunately,-1
tiniest,0
stored,0
reasonably,0
regard,0
ambusher,0
onward,0
/mana,0
efficiency,1
outlasted,0
/7,0
/si,0
unblocked,0
ideal,1
harrowing,0
earliest,0
swipe,0
(when,0
-changing,0
belong,0
activates,0
doctor,0
ordered,0
scripted,0
cancer,-1
pfiltered,0
cutting,0
(demolitionist/grenadier),0
hmm,0
persist,0
suggested,0
middenstoke,0
henchmen,0
counterfeit,0
tech,0
produced,0
duration,0
returned,0
consequently,0
dissipate,0
specify,0
uwu,0
ice,0
(can't,0
risky,0
ahhhyeeeeeeeeeee,0
hardest,0
filled,0
flare,0
battling,0
'virgin',0
retain,0
screw,0
mindful,0
mill,0
discourage,-1
buildaround,0
(still,0
substantial,0
combined,0
noone,0
frostbitten,0
invest,0
earn,0
loyalty,1
"/tutors,",0
accepted,0
>purchases,0
tab,0
sufficient,0
/excited,0
incarnation,0
equal,0
assassin,0
consequence,0
utilized,0
/countered.,0
scale,0
pic,0
(they,0
'man,0
!',0
saucy,0
info,0
astronomia,0
omenhawk,0
deals,0
likewise,0
wished,0
knocked,0
park,0
synergize,0
surviving,0
rekindler,0
rules,0
thermogenic,0
usual,0
shitshow,0
praying,1
‚Äúpatch‚Äù,0
[full,0
.](https://playruneterra.com/en-us/news/patch-1-1-notes/#patch-timing),0
"""unexpected",0
outplayed,0
emerge,0
unironically,0
premium,0
confident,1
kneejerk,0
follow,0
footsteps,0
/cheap,0
chief,0
loved,1
shenanigans,0
(rearguard,0
wtf,-1
puke,-1
fired,-1
desire,1
bombed,0
demolish,0
motivation,1
hella,0
tft,0
underperforming,0
overperformers,0
impressed,1
monetization,0
surprise,0
mad,-1
tends,0
prob,0
scared,-1
diversity,0
ruined,-1
pay,0
packs,0
earned,0
reaction,0
capture,0
recover,0
"-spam,",0
automatic,0
(ionia,0
spam,-1
doubling,0
flood,0
-casted,0
-fail,-1
/or,0
(considering,0
rookies,0
*most*,0
expecint,0
crystal,0
yeti,0
addresses,0
irelia,0
***again***.,0
period,0
mustache,0
leviathan,0
titular,0
fluff,0
realizing,0
?!?!?????,0
rendered,0
kiled,0
kat,0
bag,0
entertained,1
overview,0
cussing,0
abit,0
grenadiers,0
four,0
seven,0
requiring,0
pressured,0
nullified,0
quarantine,0
secondly,0
invested,0
mitigate,0
'd.,0
commensurate,0
reasons,0
borderline,0
expert,0
object,0
"""workhorse"".",0
streamer,0
performances,0
pitchforks,0
indicate,0
extent,0
conclusion,0
(see,0
arise,0
solved,0
differently,0
nail,0
aggros,0
coffin,0
3x4,0
relatively,0
(ofc,0
powder,0
stonks,0
://rankedboost.com/legends-of-runeterra/deck-builds/,0
menu,0
-meta,0
beginner,0
(draven),0
(jinx).,0
academic,0
speculation,0
ephimirals,0
"/6,",0
capabilities,0
(a,0
cantrip,0
/cycle),0
underwhelming,0
align,0
"""allied",0
emphmeral,0
dumb,-1
beats,0
.you,0
dozens,0
potent,0
tone,0
outvalued,0
-3%.,0
wails,0
swtiched,0
badmouthing,0
ten,0
oneshot,0
five,0
correction,0
features,0
clapping,0
brb,0
sae,0
niijima,0
burrow,0
hesitant,0
2k,0
streak,0
/3rds,0
innkeeper,0
...not,0
additionaly,0
"""to",0
splashable,0
yah,0
steam,0
...decimate,0
warlock,0
reinforce,0
-10,0
broad,0
spur,0
+5,0
chase,0
roam,0
tabletop,0
measly,0
xd6,0
modifiers,0
-is.,0
/ionia,0
shortage,0
"""support""",0
kato,0
arm,0
breakpoint,0
depends,0
pan,0
+x/+y,0
bugged,0
deleted,0
explain,0
astonishing,0
consequences,0
impatient,0
rope,0
neat,1
ruins,-1
transmogrifyer,0
annihilate,0
clock,0
chumps,0
enormously,0
>that‚Äôs,0
salt,0
values,1
rekt,0
pilfering,0
#champs,0
(notably,0
-run.,0
dangerous,-1
?????,0
üò©,0
(then,0
ethereal,0
(too,0
atm,0
#units,0
christ,0
maymay,0
redguard,0
scrap,0
scuttlers,0
(indirect),0
-so,0
directed,0
#spells,0
#watchlist,0
recalls,0
"""add",0
(ie,0
comboed,0
cough,0
generic,0
/sleeve.,0
/board/sleeve,0
/sleeve,0
budget,0
ugly,-1
moonlight,0
gayness,0
bm,0
oversaturated,0
likes,1
/closing,0
(although,0
...a,0
mod,0
everyother,0
hill,0
immortality,0
applied,0
forest,0
buts,0
wdm,0
-rotating,0
formats,0
describe,0
polarization,0
powerlevel,0
/missplaying,0
wincondition,0
wich,0
powerfull,0
earlygame,0
-tutor,0
formatlike,0
naturaly,0
artificially,0
debuffs,0
timmy,0
aesthetics,0
boomcrews,0
reaguards,0
sickening,-1
(crimsons,0
casks,0
undermine,0
scarmother,0
-clan,0
"""unable",0
counted,0
"""surviving""",0
outvalue,0
bothers,0
/finisher,0
stuck,0
reverse,0
gradually,0
grow,0
:0,0
youd,0
splashing,0
various,0
eg,0
altruistic,0
uiuiui,0
-demacian,0
shens,0
smorcing,0
defined,0
*doesnt,0
*.,0
-champ,1
"(fiora,",0
enjoying,1
developers,0
remembers,0
analytical,0
remeberance,0
maindecked,0
/5.,0
definatly,0
smarmy,0
mute,0
forceeeed,0
theorycrafting,0
spit,0
battlescar,0
/slow,0
/braum.,0
mythgard,0
hello,0
army,0
fleetfeather,0
trackers,0
valors,0
endlessly,0
frostbiting,0
stunning,1
underestimate,0
codes,0
/hec?,0
unlock,0
benefit,1
realm,0
gross,-1
recommend,1
arguably,0
introduction,0
capable,1
soggy,0
/spells.,0
"""free""-card",0
reasoning,0
setting,0
(imperial,0
-turn,0
suddenly,0
separate,0
crippling,0
rule,0
fake,-1
't...neither,0
votes,0
cup,0
survival,0
elixir,0
(cheaper),0
tremendous,0
ruining,0
-called,0
/24.,0
/24,0
length,0
.)!,0
(undrawn,0
)/total,0
size,0
(all,0
youll,0
vary,0
remembered,0
empress,0
wernt,0
stabilizing,0
finishing,0
"""stabilized"",",0
traditional,0
nurfing,0
"""play",1
"-9,",0
-9,0
"""deal""",0
devourer,0
depths,0
requirements,0
+doubles.,0
reactive,0
afford,0
/shards.,0
commonly,0
swimstrim,0
youtube,0
mondays,0
turrets,0
backpedal,0
"-wise,",0
exaggerate,0
predictable,0
omg,0
yeeeess,0
blinking,0
robbing,0
eyes,0
required,0
painfully,-1
obtuse,0
redundancy,0
availability,0
straws,0
broke,-1
camel,0
*that,0
straw,0
whichever,0
weight,0
-primed,0
slots,0
-pick,0
synergise,0
reaps,0
*any*,0
succeed,1
facilitated,0
..but..,0
..i,0
involves,0
extremley,0
unbalanced,0
experiences,0
reintroduce,0
mindset,0
wise,1
halt,0
greatly,0
parrrley,0
mindfuckery,0
/bilgewater,0
watching,0
spends,0
**[bull,0
](https://d2h9y75tak3pkg.cloudfront.net/01fr027.png)**,0
(4),0
playstyles,0
spawning,0
unrelated,0
violence,-1
answerable,0
acually,0
cardback,0
:9,0
awaited,0
>players,0
caught,0
service,0
interruption,-1
disconnected,0
wifi,0
surrendering,0
interruptions,-1
giveing,0
economy,0
ojou,0
-sama,0
laugh,1
tweak,0
evolve,0
cloudfield,0
"(personally,",0
*gay*,0
>karma,0
draft,0
bury,0
doubled,0
(freeze,0
*many,0
**comparison,0
.**,0
click,0
+1/+1,0
-deck-able,0
finishers,0
"""enormous""",0
lvled,0
whch,0
spare,0
/twin,0
discplines,0
/mist,0
/spirit,0
forbid,-1
pot,0
(earlier,0
sink,0
priced,0
tai,0
lung,0
kungfu,0
panda,0
"""finally",0
worthy,1
legendary,0
applicable,0
:c,-1
/6.,0
prevents,0
fre,0
‚Äúproper,0
dragons,0
butt,0
crybaby,0
preferences,0
iq,0
-level,0
scenarios,0
neutrals,0
artifact,0
land,0
banning,0
printing,0
artifacts,0
color,0
agaisnt,0
opposition,0
lolz,1
tracked,0
alpha,0
company,0
downhill,0
cashgrab,0
(around),0
maiden,0
swung,0
whittle,0
legit,0
concerns,0
alleviate,0
acceptable,1
surrounding,0
pointed,0
topics,0
exceptional,0
"+vi,",0
local,0
"""repeat",0
horses,0
arum,0
overkill,0
former,0
glory,1
deserves,0
disagreeing,-1
5hp,0
implications,0
plying,0
cheat,-1
argued,-1
subject,0
bump,0
killer,-1
pairs,0
"""unyielding",0
"""pilfer",0
bothersome,-1
>si:,0
6mana,0
geting,0
upgrading,0
inside,0
brash,0
gambler,0
unviable,0
(omen,0
hapless,-1
(2/1,0
woopsie,0
incentivize,0
resume,0
mans,0
/everyone,0
dw,0
tick,0
slut,-1
recraft,0
hall,0
famed,0
soul,0
shepard,0
:sadporo:,0
brutal,-1
zoo,0
expires,0
sanity,0
everytime,0
pocket,0
aces,0
afaik,0
firmly,0
belonging,0
"""on",0
degree,0
pathetic,-1
shoot,-1
dealers,0
decreasing,0
...when,0
overwhelmed,0
...absolutely,0
surrender,0
slog,0
".0,",0
mismatched,0
norms,0
fiddle,0
"""suboptimal""",0
(who,0
infamous,0
-less,0
admittedly,0
pandemic,0
novelty,0
craving,0
=/,-1
ditch,0
withe,0
larger,0
popularity,1
pilot,0
butcher,0
nerved,0
interacting,0
goldfish,0
ttk,0
appreciable,0
spending,0
~3,0
strengthen,1
considers,0
revamp,0
appealing,0
selling,0
enlightened,1
ahhh,0
apologies,0
confusion,0
nah,0
woi,0
noticeable,0
pots,0
wills,0
ironically,0
consumable,0
regenerate,0
downvote,0
upped,0
summed,0
contest,0
(thanks,0
messed,-1
write,0
worrying,-1
precedent,0
starved,-1
mundo,0
warwick,0
urgot,0
janna,0
whose,0
identities,0
imposing,0
*this,0
ala,0
/current,0
boxes,0
turret,0
territory,0
repeating,0
'em,0
champless,0
whacks,0
+10,0
catalyst,0
closed,0
"""demacia",0
-contesting,0
(i.e.,0
".),",0
complement,0
(namely,0
creepy,0
ewww,0
-buff,0
stands,0
laughs,1
enlightenment,0
fantasy,0
*karma*.,0
"""reach",0
ghost,-1
shellacked,0
wmc,0
sww,0
regenerating,0
--including,0
"!),",0
nonsense,-1
elites,0
boat,0
battlesmith,0
vanguard,0
defender,0
escapes,0
...reasons.,0
genevieve,0
punch,0
grossly,0
keg,0
innate,0
"""carried""",0
espically,0
split,0
(think,0
(will,0
/brood,0
passes,0
threshold,0
/b,0
settle,0
crafts,0
goalposts,0
trample,0
(toughness),0
(but,0
woops,0
*cool,0
frejlrod,0
(endure/corina),0
++,0
brainless,0
sabnitron,0
mild,0
duels,0
nauti,0
youuuuuu,0
-spell,0
staggering,0
‚Äúdust,0
‚Äù.,0
showered,0
üòû,0
‚Äòa,0
gl,1
&hf!,0
skipping,0
"-2,",0
encourages,1
aggressively,-1
excessive,0
exclusion,0
indicative,0
cornerstone,0
profitability,0
states,0
brains,0
corinna,0
-10.,0
shuffles,0
eager,1
helpful,1
astronomical,0
punted,0
trap,-1
"""cannot",0
slowness,0
blown,0
reread,0
replying,0
bust,0
soeed,0
"""break",0
probability,0
orange,0
wayyyyy,0
outvalues,0
disrupts,0
acces,0
complementary,0
psychological,0
hotfix,0
/rework.,0
defensively,0
offensively,-1
"-buff,",0
blood,0
bfb,0
official,0
[**patch,0
debut,0
clarity,1
accompanying,0
!**](https://playruneterra.com/en-us/news/patch-1-2-notes/),0
maximum,0
**turn,0
**.,0
hired,0
&z+n,0
favors,0
brilliant,1
anticipated,0
giant,0
monitored,0
closely,0
reinvent,0
swarming,0
someday,0
ignoring,-1
nitpicking,0
viewpoint,0
spawner,0
riseeeeeeeeeeeee,0
riseee,0
againnnnnnnnn,0
listened,0
crybabies,0
"""they",0
inifinite,0
beside,0
ironic,0
lols,0
lock,0
associated,0
glaring,0
dozen,0
-agro,0
beseeching,0
bounces,0
detains,0
enabled,0
goofy,0
/fizz,0
dumpstered,0
cowards,0
galaxy,0
"""ok",0
(3/1,0
wut,0
deleting,0
updated,0
yup,0
(fun,0
spinning,0
management,0
/biggest,0
"-tier),",0
wet,0
dno,0
24h,0
notches,0
lifestyle,0
/lcgs,0
occasionally,0
/house/factions,0
nutrias,0
nurfed,0
/killed,0
uncaft,0
lousy,-1
respectable,1
...tavern,0
(karma,0
purchases,0
(aka,0
-tiered,0
dime,0
obligated,0
destiny,0
">yes,",0
"""turned",0
device,0
...the,0
*really*,0
-up.,0
(probably,0
baffling,0
showed,0
oficial,0
thwe,0
",ezreal,draven",0
ikr,0
corona,0
lightning,0
rod,0
-of.,0
curved,0
ba,0
stabilize,0
replacing,0
bummer,-1
downtime,0
scrolls,0
...if,0
employee,0
reads,0
...people,0
happily,1
.i.,0
solo,0
brrr,0
assists,0
kata,0
z,0
resolution,0
diluting,0
purifies,0
clean,1
sided,0
expression,0
loading,0
forcwd,0
shitton,0
competetive,0
writes,0
bits,0
planned,0
investing,0
announcing,0
29th,0
offenders,-1
manageable,0
figured,0
establish,0
supported,1
wonders,0
unhappy,-1
population,0
dosent,0
allie,0
absorb,0
landed,0
intention,0
abuses,-1
/bear,0
waaaaaaaaaaaay,0
mwhahahahah,0
(vlad,0
cornerstones,0
moose,0
splashed,0
unlevelled,0
delaying,0
-100%,0
absent,0
puny,0
redundant,0
"/disciple,",0
:sigh:,0
shredder,0
+1/+1.,0
/reward,0
"""just",0
arent,0
rearfucked,0
welp,0
explains,0
sentries,0
tuskraider,0
/10+'s,0
unplayability,0
interpret,0
sarcasm,0
-evolved,0
evolved,0
pewpew,0
lasers,0
sentences,0
"""lmao""?",0
feelsbadman,0
afair,0
folks,0
(more,0
-person,0
discover,0
appreciative,1
uh,0
klepto,0
pita,-1
discount,0
sane,0
intent,0
/ez.,0
actualy,0
smokes,0
instalose,0
afeter,0
research,0
weekly,0
eating,0
hurting,-1
inherent,0
disadvantages,-1
(relative,0
editing,0
phone,0
persay,0
lone,0
wanderer,0
worrisome,-1
steel,0
tempest,0
shuffle,0
tempests,0
flute,0
latter,0
entreant,0
depth,0
-decking,0
(might,0
-style),0
mistaking,0
"""beating",-1
dominated,0
shipped,0
implemented,0
"""limited",0
*silently,0
aggression,0
(warning,0
banked,0
oooo,0
singled,0
95,0
inferences,0
showing,0
"""ah,",0
"'t"".",0
extraordinary,0
(some,0
uncompetitive,0
heartstone,0
reeeeee,0
definietly,0
neccesary,0
(?)(really,0
+3+3,0
highly,0
idiot,-1
convention,0
",probably",0
nuff,0
settled,0
(cecaeaqcameqeaqaameqiaicaiccsoieaeaa6grbfiaqcaqaaebacaicgeaqeaaf).,0
collected,0
blast,0
discovered,0
‚Äúdisenchant‚Äù,0
refunded,0
stoped,0
gloryseeker,0
hoops,0
hook,0
seemingly,0
emoted,0
stupidity,-1
lure,0
casts,0
obliterated,-1
-balances,0
accruing,0
"""and",0
/if,0
guessed,0
correctly,0
redeem,0
reluctant,0
effusively,0
leagues,0
"'s,",0
forgiveness,0
commitment,1
arguments,-1
teamtm,0
/dmg/mana,0
expand,1
wasting,-1
food,0
"""vlad",0
prove,0
tuning,0
chilling,0
butchering,0
vilefeast,0
bash,0
"+1-4,",0
lump,0
keepers,0
/3s,0
"/3s,",0
rapidly,0
rearguards,0
"/1s,",0
necessery,0
overly,0
guarenteed,0
/noxus,0
*more*,0
beneficial,1
donger,0
meeting,0
-turret-generating,0
apparent,0
-focused,1
luster,0
-response,0
babbling,0
bjerg,0
pulls,0
tutor,0
reliability,0
amok,0
braun,0
bullet,0
analysis,0
postulate,0
"(zed,",0
versions,0
(bannerman).,0
wall,0
"""shitty""",0
**is**,0
essence,0
regain,0
establishing,0
sustaining,0
forego,0
caustic,0
cask,0
...freljord,0
anchor,0
scrapshot,0
aggresive,0
tankiness,0
booooo,0
demolotionist,0
cherry,0
[deleted],0
alter,0
49,0
dissapointing,0
-leveled,0
shittiest,-1
bots,0
/recall,0
fares,0
famine,0
"/tf,",0
directions,0
calculated,0
complaints,-1
swapped,0
+x/+x,0
changer,0
aggto,0
unfortunate,-1
indestructible,0
"""give",0
[the,0
simplest,0
owner,0
outplayability,0
(lucian,0
hm,0
components,0
dumpster,0
>6,0
>cost,0
/fiora/elise/lucian/teemo/etc.,0
punish,-1
realistic,0
float,0
>9,0
altogether,0
"""counterplay""",0
>if,0
achieved,0
tapped,0
>for,0
"""winning""",0
>another,0
lately,0
cycles,0
ps,0
deluded,0
piss,-1
divided,0
pissing,-1
skins,0
q,0
villains,-1
log,0
**this**,0
't?,0
indirect,0
sneak,0
lunatic,-1
invite,0
/too,0
suicidal,-1
urges,0
(any,0
braindead,0
sooo,0
\>***unyielding,0
***,0
buffable,0
copied,0
constant,0
generator,0
-ender.,0
vsing,0
observation,0
journey,0
condescending,0
/hearthstone/whatever,0
elements,0
strengths,1
suggests,0
survivability,0
-braum,0
"""synergize",0
waits,0
"""unkillable""",0
teaching,0
vial,0
reduces,0
output,0
cd,0
examine,0
...it's,0
troops,0
sparks,0
diverse,0
selection,0
shark,0
chariot,0
fury,-1
north,0
dive,0
*attack*,0
mouse,0
tells,0
/mogwai_yt,0
*vlad,0
boiiiisss,0
disagrees,-1
complained,-1
inferring,0
cripple,0
"/karma,",0
sits,0
guesses,0
atrocities,0
representing,0
bluffing,0
discounted,0
outs,0
agreeing,1
additionally,0
"%,",0
accidentally,-1
overbuffed,0
messaging,0
[**2020-05-25,0
:06:28,0
utc,0
**](http://www.wolframalpha.com/input/?i=2020-05-25%2017:06:28%20utc%20to%20local%20time),0
[**this,0
**](https://np.reddit.com/r/legendsofruneterra/comments/gqdwy2/patch_12_discussion_megathread/frs4a5f/?context=3),0
**](https://np.reddit.com/message/compose/?to=remindmebot&subject=reminder&message=%5bhttps%3a%2f%2fwww.reddit.com%2fr%2flegendsofruneterra%2fcomments%2fgqdwy2%2fpatch_12_discussion_megathread%2ffrs4a5f%2f%5d%0a%0aremindme%21%202020-05-25%2017%3a06%3a28%20utc),0
^(parent,0
commenter,0
[^(delete,0
hide,0
.)](https://np.reddit.com/message/compose/?to=remindmebot&subject=delete%20comment&message=delete%21%20gqdwy2),0
|[^(info)](https://np.reddit.com/r/remindmebot/comments/e1bko7/remindmebot_info_v21/)|[^(custom)](https://np.reddit.com/message/compose/?to=remindmebot&subject=reminder&message=%5blink%20or%20message%20inside%20square%20brackets%5d%0a%0aremindme%21%20time%20period%20here)|[^(your,0
)](https://np.reddit.com/message/compose/?to=remindmebot&subject=list%20of%20reminders&message=myreminders%21)|[^(feedback)](https://np.reddit.com/message/compose/?to=watchful1&subject=remindmebot%20feedback)|,0
|-|-|-|-|,0
recalled,0
‚Äúnow,0
daddy,0
(forgot,0
stifled,-1
+control,0
offs,0
slowing,0
uhg,0
detailed,0
"*""we‚Äôre",0
"""*",0
delete,0
moste,0
"""copy""",0
-creeping,0
thorough,0
review,0
pools,0
"(netrunner,",0
agot,0
lcg,0
footing,0
duke,0
hold,0
splashy,0
situational,0
*hilarious*,0
melting,0
",.",0
clearing,0
"""blood",0
voting,0
uninstalled,0
enjoys,1
suggesting,0
/losing,0
coolest,0
automatically,0
unlocked,0
busy,0
(normals,0
mmr,0
commit,0
/streamers,0
attitude,0
(e.g.,0
:).,0
fledged,0
heres,0
sworn,0
/deny,0
'steal',0
üéµ,0
cc,0
t9,0
t10,0
"""who",0
riddle,0
inflicts,0
‚Äúworse,0
oriented,0
"""feel""",0
shown,0
overextending,0
+nox,0
-mana,0
ruinate,-1
ofc,0
shoulda,0
handtraps,0
(lol,0
negates,0
attempts,0
negated,0
continues,0
complains,-1
starlit,0
swippity,0
swooppity,0
property,0
neutered,0
nutshell,0
conveniently,0
myriad,0
indubitably,0
prevalence,0
-powerhouse,0
"""deserve""",0
intimidating,-1
chariots,0
levelled,0
vanishes,0
-disadvantage,-1
preceding,0
ineffective,0
-forward,0
conditionaless,0
..so,0
arguing,-1
definitively,0
*since,0
brought,0
inflated,0
stops,0
reimbursement,0
downgraded,0
misunderstood,-1
>there,0
alerting,0
locking,0
lowering,0
-alone.,0
invincible,1
ping,0
differences,0
commenting,0
"""follower",0
"""purify""",0
ground,0
tracks,0
vaults,0
jesus,0
butthurt,0
ptsd,0
clumsy,0
powerhouse,0
freiljord,0
/nerf,0
dissagree,0
shittier,-1
-game-focused,0
(burn,0
midgro,0
lasting,0
wanky,0
adapting,0
|name|region|type|cost|attack|health|keywords|description|,0
|-|-|-|-|-|-|-|-|,0
|**[boomcrew&nbsp;rookie](https://d2h9y75tak3pkg.cloudfront.net/01pz054.png)**|piltover&nbsp;&&nbsp;zaun|unit|2|1|3||attack:&nbsp;deal,0
.|,0
|**[ruthless&nbsp;raider](https://d2h9y75tak3pkg.cloudfront.net/02fr006.png)**|freljord|unit|2|3|1|overwhelm,0
||,0
foundations,0
advantages,1
iceborn,0
gating,0
placed,0
"""see""",0
/chump,0
>the,0
minded,0
mao,0
accommodate,0
bounce,0
clone,0
1and,0
fanboys,0
‚Äúshenyielding,0
gwent,0
unaware,0
‚Äòsupposedly‚Äô,0
character,0
leader,0
raid,0
boss,0
monstrous,0
jokes,0
atrocious,0
hextex,0
trasmorgifier,0
wanders,0
shady,0
chracter,0
reaguard,0
compensated,0
inability,-1
‚Äîthey,0
counterspell,0
/in,0
"/5,",0
sometime,0
threads,0
pact,0
competitively,0
"""nerfed""",0
disappoint,-1
speculating,0
ballista,0
listening,0
[https://playruneterra.com/en-us/news/patch-1-2-notes/](https://playruneterra.com/en-us/news/patch-1-2-notes/),0
-put,0
freaking,-1
buddy,0
punt,0
"""scar""",0
scrapped,0
(terrible),0
pulled,0
decimation,0
://www.youtube.com/watch?v=vxeuibp_yhq.,0
tldr,0
vote,0
bugger,0
*1*,0
trivial,0
sins,-1
*x+1,0
"*x,",0
+1=4,0
*2=6?,0
creators,0
writers,0
synergised,0
millions,0
breaker,0
"""double",0
(sonic,0
-up,0
accelerate,0
growth,1
ignores,0
toady,0
üòí,0
obscene,-1
amounts,0
victories,0
gang,0
‚Äôt.,0
site,0
/k,0
demolist,0
aggroburn,0
4th,0
benchmarks,0
plit,0
wrecked,0
goodbye,0
bjorn,0
justice,1
backwards,0
"""one",0
abused,-1
struck,0
‚Äúsurviving,0
kids,0
racking,0
cherries,0
caretaker,0
overlapped,0
-nerfs.,0
[interactive],0
boys,0
amt,0
vladmacia,0
unlimited,0
breakdown,0
enjoyable,1
",let",0
[https://www.youtube.com/watch?v=zyw1zfc43ic](https://www.youtube.com/watch?v=zyw1zfc43ic),0
infuriating,-1
printed,0
garentee,0
protege,0
contemplating,0
brick,0
%+,0
symerguzes,0
disconcerting,0
tilting,0
"""go",0
clients,0
sporadically,0
unremovable,0
gees,0
banned,-1
"""fun""",0
simplicity,0
popularized,1
digital,0
(niche),0
terrifying,-1
freakin,0
wensday,0
whats,0
peele,0
skit,0
sweats,0
jojo,0
-esque.,0
smallish,0
+8,0
steroids,0
>when,0
utilizing,0
sat,0
front,0
100th,0
covers,0
exceptions,0
copying,0
/12,0
complicated,0
quoting,0
vanquished,0
(relatively),0
unpopular,0
"""win",1
snowballs,0
floods,0
sama,0
telling,0
defer,0
",league",0
broking,0
forums,0
flaming,0
cursing,0
ranting,0
aleast,0
normaly,0
effectiv,0
(only,0
stretches,0
/burn.,0
contextually,0
chipping,0
*forcing*,0
frontloads,0
assumed,0
conversation,0
tangents,0
principles,0
realizes,0
conceder,0
(ok,0
playes,0
beeing,0
eradicate,0
failed,-1
"(hots,",0
paragon,0
growing,0
/lose,0
/outplayed.,0
mtga,0
harsh,-1
affected,0
spices,0
/buff,0
fixated,0
sooooo,0
recovered,0
"""defender"",",0
üò§,0
>since,0
lord,0
fell,0
whopping,0
consists,0
variant,0
arising,0
apprentice,0
congrats,1
avoided,-1
spoilers,0
citrus,0
courier,0
devastating,-1
realistically,0
decked,0
shared,1
spoils,0
magically,0
(last,0
"""watch",0
reshuffle,0
boned,0
35,0
\[\[bull,0
\]\],0
*it,0
oppinion,0
struggling,-1
chompers,0
/scuttlers,0
cut,0
pls,0
sold,0
"(butcher,",0
strenght,0
+++,0
beer,0
"""fixen",0
>it,0
legal,0
-centric,0
insignificant,-1
ticks,0
waaaay,0
blowing,0
3ad,0
4ad,0
5ad,0
exsctly,0
(shrooms,0
popping,0
noob,0
minesweeper,0
>like,0
trashing,0
"""*because",0
?easier?,0
".*""",0
**much,0
stating,0
damacia,0
instant,0
/units,0
**to,0
contain,0
ppl,0
immune,0
**because,0
join,0
club,0
....**,0
clause,0
abhorrent,-1
(4,0
filter,0
farming,0
border,0
lookout,0
/quick,0
impressive,1
boards,0
probable,0
unanswered,0
-two,0
gankplank,0
/sacrifice,0
occupies,0
honesty,1
sweat,0
tarics,0
setts,0
/fre,0
fundamental,0
mayyybe,0
dem,0
eliselaugh,0
ezsweat,0
teemoplsrnjesus,0
ygo,0
limiting,0
gamestate,0
-faction,0
cheeseball,0
rolled,0
begrudge,0
"""red",0
winter,0
"""!",0
prelevant,0
senseless,0
aspects,0
"""trap""",0
shell,0
"""perfect""",0
"""nerfing""",0
resistant,0
paced,0
reveals,0
unpredictable,0
-play,1
toward,0
candidates,0
**[loyal,0
](https://d2h9y75tak3pkg.cloudfront.net/02de003.png)**,0
(3),0
reckless,-1
triffarian,0
understatted,0
initial,0
tmw,0
repetitive,0
recon,0
circlejerk,0
flying,0
gentleman,0
bucks,0
class,0
‚Äúunknown‚Äù,0
island,0
wolfs,0
deers,0
plants,0
‚Äôt...,0
smh,-1
treat,1
suicide,-1
mow,0
negatively,0
checking,0
replicate,0
contextual,0
/buff.,0
-of-deck,0
avarosan,0
trapper,0
feelsgood,0
laughably,0
pointless,0
*card*,0
"*region,*",0
"""killed""",0
exaggeration,0
sacrificing,0
1st,0
poof,0
-2500,0
>hecarim,0
thx,1
grammar,0
filler,0
simile,0
sshh,0
1x,0
haunted,-1
surpressed,0
disproportionate,0
itll,0
party,1
program,0
upload,0
hotslogs,0
ehh,0
.it,0
removable,0
prerelease,0
threw,0
+1/0,0
"+hp,",0
unbuffed,0
reckon,0
raising,0
reflect,0
(noxian,0
reargueard,0
clever,1
fervent,0
red,0
"(""they",0
"""),",0
crucial,0
salesman,0
incentivized,0
rg,0
bcr,0
fellas,0
memey,0
justified,1
scum,0
:p.,0
supporting,1
placebo,0
/grizzled,0
batshit,0
sine,0
band,0
-aid,0
longtoth,0
overboard,0
(eye,0
wraps,0
(slotbot,0
spirt,0
clueless,-1
refuse,0
insist,0
reinventing,0
wheel,0
tes,0
gene,0
ending,0
fillower,0
...then,0
invalidate,0
mess,-1
disaster,-1
whatsoever,0
shambles,0
murdered,-1
"-karma,",0
-zed,0
(just...,0
-for-1),0
/laurent,0
unyelding,0
idiotic,-1
(either,0
(we,0
brawl,0
superior,1
tips,0
aged,0
"""can",0
burden,-1
assist,0
hassle,0
pitiful,-1
",.or",0
tank,0
taunt,0
og,0
120,0
120hz,0
display,0
file,0
droidedit,0
uncap,0
targetframerate,0
=120,0
vsync,0
=0,0
vulnerably,0
milled,0
tense,-1
(ditto,0
depend,0
"/control,",0
treasures,1
barf,0
teched,0
(draven,0
overheal,0
karmas,0
/ezreal,0
(sometimes,0
burny,0
(rather,0
"""unkillable/invulnerable""",0
outta,0
+pz,0
/15,0
swarms,0
snipe,0
raging,-1
toned,0
"(lucian/zed/rally,",0
"/garen,",0
umbrella,0
"""bannerman"".",0
"""smaller",0
**regions**:,0
/shadow,0
**champions**:,0
/vladimir,0
**size**:,0
|cost|name|count|region|type|,0
|:-:|-|:-:|-|-|,0
|1|[mark&nbsp;of&nbsp;the&nbsp;isles](https://d2h9y75tak3pkg.cloudfront.net/01si022.png)|3|shadow,0
|spell|,0
|2|[crimson&nbsp;disciple](https://d2h9y75tak3pkg.cloudfront.net/01nx030.png)|3|noxus|unit|,0
|2|[cursed&nbsp;keeper](https://d2h9y75tak3pkg.cloudfront.net/01si048.png)|3|shadow,0
|unit|,0
|2|[glimpse&nbsp;beyond](https://d2h9y75tak3pkg.cloudfront.net/01si049.png)|3|shadow,0
|2|[imperial&nbsp;demolitionist](https://d2h9y75tak3pkg.cloudfront.net/02nx004.png)|3|noxus|unit|,0
|2|[transfusion](https://d2h9y75tak3pkg.cloudfront.net/01nx047.png)|3|noxus|spell|,0
|2|[vile&nbsp;feast](https://d2h9y75tak3pkg.cloudfront.net/01si040.png)|3|shadow,0
|3|[crimson&nbsp;curator](https://d2h9y75tak3pkg.cloudfront.net/01nx048.png)|3|noxus|unit|,0
|3|[frenzied&nbsp;skitterer](https://d2h9y75tak3pkg.cloudfront.net/01si056.png)|3|shadow,0
|4|[crimson&nbsp;awakener](https://d2h9y75tak3pkg.cloudfront.net/01nx032.png)|3|noxus|unit|,0
|5|[vladimir](https://d2h9y75tak3pkg.cloudfront.net/01nx006.png)|3|noxus|champion|,0
|6|[hecarim](https://d2h9y75tak3pkg.cloudfront.net/01si042.png)|3|shadow,0
|champion|,0
|7|[the&nbsp;rekindler](https://d2h9y75tak3pkg.cloudfront.net/01si020.png)|2|shadow,0
|10|[the&nbsp;harrowing](https://d2h9y75tak3pkg.cloudfront.net/01si003.png)|2|shadow,0
**code**:,0
[cebqcaqdaqcqcaygdyqc6magaecrmkbkgaytqaicaecqgfaa](https://hextechoracle.com/lor/deck/cebqcaqdaqcqcaygdyqc6magaecrmkbkgaytqaicaecqgfaa),0
‚Äòem,0
permanently,0
bumped,0
forum,0
"-13,",0
fry,0
-zaun,0
lowers,0
(vi)able,0
(xd).,0
/skill,0
*carefully,0
cockroaches,0
ahh,0
troublesome,-1
teach,0
-and,0
deliver,0
viewers,0
dota,0
dota2,0
plz,0
embarrass,0
spawn,0
threatened,-1
|1|[elixir&nbsp;of&nbsp;iron](https://d2h9y75tak3pkg.cloudfront.net/01fr004.png)|3|freljord|spell|,0
|1|[unscarred&nbsp;reaver](https://d2h9y75tak3pkg.cloudfront.net/01fr035.png)|3|freljord|unit|,0
|3|[ember&nbsp;maiden](https://d2h9y75tak3pkg.cloudfront.net/02fr001.png)|3|freljord|unit|,0
|3|[might](https://d2h9y75tak3pkg.cloudfront.net/01nx019.png)|3|noxus|spell|,0
|3|[scarthane&nbsp;steffen](https://d2h9y75tak3pkg.cloudfront.net/01fr045.png)|3|freljord|unit|,0
|4|[bloodsworn&nbsp;pledge](https://d2h9y75tak3pkg.cloudfront.net/01fr010.png)|3|freljord|spell|,0
|4|[crimson&nbsp;awakener](https://d2h9y75tak3pkg.cloudfront.net/01nx032.png)|1|noxus|unit|,0
|4|[fury&nbsp;of&nbsp;the&nbsp;north](https://d2h9y75tak3pkg.cloudfront.net/02fr007.png)|1|freljord|spell|,0
|6|[alpha&nbsp;wildclaw](https://d2h9y75tak3pkg.cloudfront.net/01fr026.png)|1|freljord|unit|,0
|6|[scarmother&nbsp;vrynna](https://d2h9y75tak3pkg.cloudfront.net/01fr013.png)|2|freljord|unit|,0
|6|[sejuani](https://d2h9y75tak3pkg.cloudfront.net/02fr002.png)|2|freljord|champion|,0
[cecacaqdaqaqeaibaqaqcbakemwqkaidayjr4lzqaiaqcainaebacaqdaeaqgiabaiaqoaibaena](https://hextechoracle.com/lor/deck/cecacaqdaqaqeaibaqaqcbakemwqkaidayjr4lzqaiaqcainaebacaqdaeaqgiabaiaqoaibaena),0
inspired,1
egregious,0
violators,-1
"""net",0
polarising,0
/answer,0
decimated,0
collectable,0
replacements,0
prominent,1
entry,0
tilt,0
miserable,-1
leaked,-1
suitable,0
/drav,0
/p&z,0
convincing,1
whiney,-1
"/quinn,",0
newb,0
(less,0
bois,0
sending,0
theses,0
baby,0
"...detain,",0
obliterates,0
...what,0
/obliterate,0
"""bit""",0
"""flavour"".",0
",cithria",0
dreg,0
dredgers,0
"""meta""",0
"""theme""",0
bite,0
4x,0
...along,0
"""drain""",0
cadence,0
...feels,0
recognize,0
ammount,0
**[comment,0
rubinzoo,0
](/r/legendsofruneterra/comments/gqdwy2/-/frt4iy4/?context=1)**,0
>^(`live,0
`2020-05-25,0
:45:36,0
`),0
>#####*q.,0
"""that's",0
"[...]""*",0
>sorry,0
searched,0
accident,-1
dovagedys,0
](/r/legendsofruneterra/comments/gqdwy2/-/frsz48c/?context=1)**,0
>^(`2020-05-25,0
:56:32,0
](/r/legendsofruneterra/comments/gqdwy2/-/frsrf0j/?context=1)**,0
:48:16,0
".""*",0
>thanks,0
[...],0
](/r/legendsofruneterra/comments/gqdwy2/-/frsocry/?context=1)**,0
:22:40,0
"""freljord",0
>thanks!,0
^(to,0
report,0
bugs,0
contact,0
modmail,0
:'(,-1
statted,0
üôèüèæ,0
herald,0
spring,0
valorant,0
scales,0
>>,0
",the",0
",that",0
thankfully,1
*besides,0
circumstance,0
elixier,0
..?,0
**[spirit's,0
](https://d2h9y75tak3pkg.cloudfront.net/01io037.png)**,0
cebacaicbmbqcbiec4raeaqbauksucybaibqmcinbynryjbmge4qeaibaimacaifgy,0
rendition,0
versatility,0
monkeys,0
haphazard,0
larma,0
coherent,0
thinks,0
stong,0
susceptible,0
troll,0
channel,0
choosing,0
doubly,0
fj,0
tribeless,0
triggering,0
medition,0
infographic,0
36,0
-vi,0
dehumanize,-1
/badger,0
comp,0
relied,0
sturdy,0
tragedy,-1
ryze,0
yas,0
contingent,0
pinning,0
-drops),0
ioniad,0
doublecast,0
(my,0
.).,0
'fun'.,0
/better?,0
(probably/depending,0
assure,1
differ,0
statistically,0
/bad,0
*cking,0
miracle,1
"""emoji",0
sounding,0
mythos,0
*aren't*).,0
>unyielding,0
contentious,0
circumvent,0
‚Äô,0
hooooly,0
tanky,0
(esp,0
disciples,0
curators,0
discples,0
grovetenders,0
/shen.,0
thousands,0
/esport/competitive,0
\*sadness\*,0
hecarmin,0
emerges,0
severe,-1
nudge,0
puzzling,0
disagreed,-1
fyi,0
finished,0
(i'm,0
"""can't",0
traits,0
(removing,0
/good,0
probs,0
*heavily*,0
"-se,",0
‚Äôall,0
*so,0
despicable,0
rangers,0
punishes,-1
rose,0
glasses,0
profit,1
1less,0
sargeant,0
closest,0
biases,0
balances,0
predict,0
pun,0
stormclaw,0
ursine,0
withstand,0
applying,0
battery,0
teeny,0
backfoot,0
fml,0
yetti,0
hefty,0
+2/+2.,0
eternally,0
eithers,0
empty,0
tavernskeeper,0
benchmark,0
/3's,0
refresh,0
decides,0
drag,0
tiring,0
(redoubled,0
>burn,0
>forgot,0
refutes,0
>pilfered,0
(~~i,0
discounts,0
~~),0
complimentary,1
~~or,0
~~.,0
uploading,0
preference,0
xiaomi,0
a3,0
avast,0
disable,0
web,0
smooth,0
avs,0
terror,-1
offense,0
picks,0
/ezreal/nautilus,0
"/champions,",0
obliteration,0
setback,0
fairer,0
ezreals,0
regularily,0
-sized.,0
.3,0
.4,0
reworks,0
.6,0
charges,0
jebait,0
fundamentals,0
functional,0
pleases,1
inc,0
rethink,0
obliged,0
alternatively,0
silencing,0
allegiance,0
chumpblocked,0
wraith,0
caller,0
"-curve,",0
wishes,0
|name|region|type|cost|attack|health|keywords|description|level&nbsp;up|,0
|-|-|-|-|-|-|-|-|-|,0
|**[legion&nbsp;rearguard](https://d2h9y75tak3pkg.cloudfront.net/01nx012.png)**|noxus|unit|1|3|2|can't&nbsp;block|||,0
|**[loyal&nbsp;badgerbear](https://d2h9y75tak3pkg.cloudfront.net/02de003.png)**|demacia|unit|3|4|4||||,0
|**[shen](https://d2h9y75tak3pkg.cloudfront.net/01io032.png)**|ionia|champion|4|2|5||support:&nbsp;give,0
.|i've,0
|**[shen](https://d2h9y75tak3pkg.cloudfront.net/01io032t1.png)**|ionia|champion|4|3|6||support:&nbsp;give,0
.&nbsp;when,0
+3&#124;+0,0
.||,0
|**[kindly&nbsp;tavernkeeper](https://d2h9y75tak3pkg.cloudfront.net/01fr050.png)**|freljord|unit|3|2|3||play:&nbsp;heal,0
sheeps,0
gather,0
knowledge,0
shrodingers,0
-con,0
speeds,0
air,0
(dudes).,0
imbalanced,0
"/deep,",0
-or-less,0
